fetched_at,roster_id,rank,uefa_club_name,club_key,sofifa_team_id,sofifa_team_name,sofifa_url,http_status,raw_html_path,club_league_name,club_rating_from_player_csv,page_title,page_team_name,overall,attack,midfield,defence,domestic_prestige,international_prestige,transfer_budget,wage_budget,average_age,players_count,raw_summary_text,build_up_style,defensive_line,defensive_approach
2026-07-24T13:58:18+00:00,260008,1,Bayern München,bayern munchen,21,FC Bayern München,https://api.sofifa.com/team/21/260008/?hl=en-US,200,data/raw/sofifa/team_profiles/260008/21.html,Bundesliga,84,"FC Bayern München - FC 26 - Nov 5, 2025 | SoFIFA",FC Bayern München,84,89,85,65,9,9,€83.8M,,4,26,"FC Bayern München - FC 26 - Nov 5, 2025 | SoFIFA | Players | Teams | Squads | Shortlists | Discussions | Sign in | Gender | Men | Women | Currency | € EUR | $ USD | £ GBP | Color schema | Frostbite (FIFA17 ~) | Ignite (FIFA14 ~ FIFA16) | Impact (FIFA07 ~ FIFA13) | Potential | Show | Hide | Comments | Show | Hide | View user profile in | Current tab | New tab | Dual nationality | Show | Hide | English (US) | English (US) | Italiano | Português (BR) | Français | Deutsch | Español | Türkçe | 日本語 | Dutch | Русский | 简体中文 | Svenska | Polski | Português | 한국어 | Dansk | Norsk | 繁體中文 | Српски | FC Bayern München | FC 26 | Nov 5, 2025 | In game | In real life | Coach | Former players | Related squads | Comments | Random | Transfermarkt | Next match | Club Friendlies 1 2026 | Home | SV Wehen Wiesbaden | Away | FC Bayern München | Venue | BRITA Arena | Tactics | Build-up style | Balanced | Defensive approach | 65 | High | Kits | Home kit | Away kit | Goalkeeper kit | Third kit",Balanced,65,High
2026-07-24T13:58:20+00:00,260008,2,Real Madrid,real madrid,243,Real Madrid,https://api.sofifa.com/team/243/260008/?hl=en-US,200,data/raw/sofifa/team_profiles/260008/243.html,La Liga,85,"Real Madrid - FC 26 - Nov 5, 2025 | SoFIFA",Real Madrid,85,88,85,90,10,10,€146M,,5,26,"Real Madrid - FC 26 - Nov 5, 2025 | SoFIFA | Players | Teams | Squads | Shortlists | Discussions | Sign in | Gender | Men | Women | Currency | € EUR | $ USD | £ GBP | Color schema | Frostbite (FIFA17 ~) | Ignite (FIFA14 ~ FIFA16) | Impact (FIFA07 ~ FIFA13) | Potential | Show | Hide | Comments | Show | Hide | View user profile in | Current tab | New tab | Dual nationality | Show | Hide | English (US) | English (US) | Italiano | Português (BR) | Français | Deutsch | Español | Türkçe | 日本語 | Dutch | Русский | 简体中文 | Svenska | Polski | Português | 한국어 | Dansk | Norsk | 繁體中文 | Српски | Real Madrid | FC 26 | Nov 5, 2025 | In game | In real life | Coach | Former players | Related squads | Comments | Random | Transfermarkt | Next match | Club Friendlies 1 2026 | Home | Real Madrid | Away | Fiorentina | Venue | Estadio Santiago Bernabéu | Tactics | Build-up style | Balanced | Defensive approach | 90 | High | Kits | Home kit | Away kit | Goalkeeper kit | Third kit",Balanced,90,High
2026-07-24T13:58:21+00:00,260008,3,Paris Saint-Germain,paris saint germain,73,Paris Saint-Germain,https://api.sofifa.com/team/73/260008/?hl=en-US,200,data/raw/sofifa/team_profiles/260008/73.html,Ligue 1,83,"Paris Saint-Germain - FC 26 - Nov 5, 2025 | SoFIFA",Paris Saint-Germain,84,85,84,90,10,10,€232.4M,,24,26,"Paris Saint-Germain - FC 26 - Nov 5, 2025 | SoFIFA | Players | Teams | Squads | Shortlists | Discussions | Sign in | Gender | Men | Women | Currency | € EUR | $ USD | £ GBP | Color schema | Frostbite (FIFA17 ~) | Ignite (FIFA14 ~ FIFA16) | Impact (FIFA07 ~ FIFA13) | Potential | Show | Hide | Comments | Show | Hide | View user profile in | Current tab | New tab | Dual nationality | Show | Hide | English (US) | English (US) | Italiano | Português (BR) | Français | Deutsch | Español | Türkçe | 日本語 | Dutch | Русский | 简体中文 | Svenska | Polski | Português | 한국어 | Dansk | Norsk | 繁體中文 | Српски | Paris Saint-Germain | FC 26 | Nov 5, 2025 | In game | In real life | Coach | Former players | Related squads | Comments | Random | Transfermarkt | Next match | Club Friendlies 1 2026 | Home | RCD Mallorca | Away | Paris Saint-Germain | Venue | Estadi Mallorca Son Moix | Tactics | Build-up style | Balanced | Defensive approach | 90 | High | Kits | Home kit | Away kit | Goalkeeper kit | Third kit",Balanced,90,High
2026-07-24T13:58:23+00:00,260008,4,Liverpool,liverpool,9,Liverpool,https://api.sofifa.com/team/9/260008/?hl=en-US,200,data/raw/sofifa/team_profiles/260008/9.html,Premier League,84,"Liverpool - FC 26 - Nov 5, 2025 | SoFIFA",Liverpool,85,85,86,65,10,10,€124.4M,,4,26,"Liverpool - FC 26 - Nov 5, 2025 | SoFIFA | Players | Teams | Squads | Shortlists | Discussions | Sign in | Gender | Men | Women | Currency | € EUR | $ USD | £ GBP | Color schema | Frostbite (FIFA17 ~) | Ignite (FIFA14 ~ FIFA16) | Impact (FIFA07 ~ FIFA13) | Potential | Show | Hide | Comments | Show | Hide | View user profile in | Current tab | New tab | Dual nationality | Show | Hide | English (US) | English (US) | Italiano | Português (BR) | Français | Deutsch | Español | Türkçe | 日本語 | Dutch | Русский | 简体中文 | Svenska | Polski | Português | 한국어 | Dansk | Norsk | 繁體中文 | Српски | Liverpool | FC 26 | Nov 5, 2025 | In game | In real life | Coach | Former players | Related squads | Comments | Random | Transfermarkt | Next match | Club Friendlies 1 2026 | Home | Liverpool | Away | Sunderland | Venue | GEODIS Park | Tactics | Build-up style | Balanced | Defensive approach | 65 | High | Kits | Home kit | Away kit | Goalkeeper kit | Third kit",Balanced,65,High
2026-07-24T13:58:25+00:00,260008,5,Internazionale,inter,44,Inter,https://api.sofifa.com/team/44/260008/?hl=en-US,200,data/raw/sofifa/team_profiles/260008/44.html,Serie A,84,"Inter - FC 26 - Nov 5, 2025 | SoFIFA",Inter,83,86,83,90,9,9,€34.8M,,30,26,"Inter - FC 26 - Nov 5, 2025 | SoFIFA | Players | Teams | Squads | Shortlists | Discussions | Sign in | Gender | Men | Women | Currency | € EUR | $ USD | £ GBP | Color schema | Frostbite (FIFA17 ~) | Ignite (FIFA14 ~ FIFA16) | Impact (FIFA07 ~ FIFA13) | Potential | Show | Hide | Comments | Show | Hide | View user profile in | Current tab | New tab | Dual nationality | Show | Hide | English (US) | English (US) | Italiano | Português (BR) | Français | Deutsch | Español | Türkçe | 日本語 | Dutch | Русский | 简体中文 | Svenska | Polski | Português | 한국어 | Dansk | Norsk | 繁體中文 | Српски | Inter | FC 26 | Nov 5, 2025 | In game | In real life | Coach | Former players | Related squads | Comments | Random | Transfermarkt | Next match | Club Friendlies 1 2026 | Home | Karlsruher SC | Away | Inter | Venue | Wildparkstadion | Tactics | Build-up style | Balanced | Defensive approach | 90 | High | Kits | Home kit | Away kit | Goalkeeper kit | Third kit",Balanced,90,High
2026-07-24T13:58:27+00:00,260008,6,Manchester City,manchester city,10,Manchester City,https://api.sofifa.com/team/10/260008/?hl=en-US,200,data/raw/sofifa/team_profiles/260008/10.html,Premier League,85,"Manchester City - FC 26 - Nov 5, 2025 | SoFIFA",Manchester City,84,82,85,65,10,10,€176.9M,,4,26,"Manchester City - FC 26 - Nov 5, 2025 | SoFIFA | Players | Teams | Squads | Shortlists | Discussions | Sign in | Gender | Men | Women | Currency | € EUR | $ USD | £ GBP | Color schema | Frostbite (FIFA17 ~) | Ignite (FIFA14 ~ FIFA16) | Impact (FIFA07 ~ FIFA13) | Potential | Show | Hide | Comments | Show | Hide | View user profile in | Current tab | New tab | Dual nationality | Show | Hide | English (US) | English (US) | Italiano | Português (BR) | Français | Deutsch | Español | Türkçe | 日本語 | Dutch | Русский | 简体中文 | Svenska | Polski | Português | 한국어 | Dansk | Norsk | 繁體中文 | Српски | Manchester City | FC 26 | Nov 5, 2025 | In game | In real life | Coach | Former players | Related squads | Comments | Random | Transfermarkt | Next match | Club Friendlies 1 2026 | Home | Manchester City | Away | Inter | Venue | Etihad Stadium | Tactics | Build-up style | Balanced | Defensive approach | 65 | High | Kits | Home kit | Away kit | Goalkeeper kit | Third kit",Balanced,65,High
2026-07-24T13:58:28+00:00,260008,7,Arsenal,arsenal,1,Arsenal,https://api.sofifa.com/team/1/260008/?hl=en-US,200,data/raw/sofifa/team_profiles/260008/1.html,Premier League,83,"Arsenal - FC 26 - Nov 5, 2025 | SoFIFA",Arsenal,84,86,84,65,9,9,€153.3M,,2,26,"Arsenal - FC 26 - Nov 5, 2025 | SoFIFA | Players | Teams | Squads | Shortlists | Discussions | Sign in | Gender | Men | Women | Currency | € EUR | $ USD | £ GBP | Color schema | Frostbite (FIFA17 ~) | Ignite (FIFA14 ~ FIFA16) | Impact (FIFA07 ~ FIFA13) | Potential | Show | Hide | Comments | Show | Hide | View user profile in | Current tab | New tab | Dual nationality | Show | Hide | English (US) | English (US) | Italiano | Português (BR) | Français | Deutsch | Español | Türkçe | 日本語 | Dutch | Русский | 简体中文 | Svenska | Polski | Português | 한국어 | Dansk | Norsk | 繁體中文 | Српски | Arsenal | FC 26 | Nov 5, 2025 | In game | In real life | Coach | Former players | Related squads | Comments | Random | Transfermarkt | Next match | Club Friendlies 1 2026 | Home | Girona FC | Away | Arsenal | Venue | Estadi Municipal de Montilivi | Tactics | Build-up style | Balanced | Defensive approach | 65 | High | Kits | Home kit | Away kit | Goalkeeper kit | Third kit",Balanced,65,High
2026-07-24T13:58:30+00:00,260008,8,FC Barcelona,barcelona,241,FC Barcelona,https://api.sofifa.com/team/241/260008/?hl=en-US,200,data/raw/sofifa/team_profiles/260008/241.html,La Liga,84,"FC Barcelona - FC 26 - Nov 5, 2025 | SoFIFA",FC Barcelona,85,85,85,65,9,9,€77.5M,,4,26,"FC Barcelona - FC 26 - Nov 5, 2025 | SoFIFA | Players | Teams | Squads | Shortlists | Discussions | Sign in | Gender | Men | Women | Currency | € EUR | $ USD | £ GBP | Color schema | Frostbite (FIFA17 ~) | Ignite (FIFA14 ~ FIFA16) | Impact (FIFA07 ~ FIFA13) | Potential | Show | Hide | Comments | Show | Hide | View user profile in | Current tab | New tab | Dual nationality | Show | Hide | English (US) | English (US) | Italiano | Português (BR) | Français | Deutsch | Español | Türkçe | 日本語 | Dutch | Русский | 简体中文 | Svenska | Polski | Português | 한국어 | Dansk | Norsk | 繁體中文 | Српски | FC Barcelona | FC 26 | Nov 5, 2025 | In game | In real life | Coach | Former players | Related squads | Comments | Random | Transfermarkt | Next match | Club Friendlies 1 2026 | Home | Birmingham City | Away | FC Barcelona | Venue | St. Andrew's Stadium | Tactics | Build-up style | Balanced | Defensive approach | 65 | High | Kits | Home kit | Away kit | Goalkeeper kit | Third kit",Balanced,65,High
2026-07-24T13:58:32+00:00,260008,9,Bayer Leverkusen,bayer leverkusen,32,Bayer 04 Leverkusen,https://api.sofifa.com/team/32/260008/?hl=en-US,200,data/raw/sofifa/team_profiles/260008/32.html,Bundesliga,83,"Bayer 04 Leverkusen - FC 26 - Nov 5, 2025 | SoFIFA",Bayer 04 Leverkusen,79,82,79,50,7,7,€62M,,26,26,"Bayer 04 Leverkusen - FC 26 - Nov 5, 2025 | SoFIFA | Players | Teams | Squads | Shortlists | Discussions | Sign in | Gender | Men | Women | Currency | € EUR | $ USD | £ GBP | Color schema | Frostbite (FIFA17 ~) | Ignite (FIFA14 ~ FIFA16) | Impact (FIFA07 ~ FIFA13) | Potential | Show | Hide | Comments | Show | Hide | View user profile in | Current tab | New tab | Dual nationality | Show | Hide | English (US) | English (US) | Italiano | Português (BR) | Français | Deutsch | Español | Türkçe | 日本語 | Dutch | Русский | 简体中文 | Svenska | Polski | Português | 한국어 | Dansk | Norsk | 繁體中文 | Српски | Bayer 04 Leverkusen | FC 26 | Nov 5, 2025 | In game | In real life | Coach | Former players | Related squads | Comments | Random | Transfermarkt | Next match | Club Friendlies 3 2026 | Home | Kickers Offenbach | Away | Bayer 04 Leverkusen | Venue | Sparda Bank Hessen Stadion | Tactics | Build-up style | Balanced | Defensive approach | 50 | Balanced | Kits | Home kit | Away kit | Goalkeeper kit | Third",Balanced,50,Balanced
2026-07-24T13:58:33+00:00,260008,10,Atlético Madrid,atletico madrid,240,Atlético Madrid,https://api.sofifa.com/team/240/260008/?hl=en-US,200,data/raw/sofifa/team_profiles/260008/240.html,La Liga,82,"Atlético Madrid - FC 26 - Nov 5, 2025 | SoFIFA",Atlético Madrid,82,84,81,65,9,9,€75.6M,,1,26,"Atlético Madrid - FC 26 - Nov 5, 2025 | SoFIFA | Players | Teams | Squads | Shortlists | Discussions | Sign in | Gender | Men | Women | Currency | € EUR | $ USD | £ GBP | Color schema | Frostbite (FIFA17 ~) | Ignite (FIFA14 ~ FIFA16) | Impact (FIFA07 ~ FIFA13) | Potential | Show | Hide | Comments | Show | Hide | View user profile in | Current tab | New tab | Dual nationality | Show | Hide | English (US) | English (US) | Italiano | Português (BR) | Français | Deutsch | Español | Türkçe | 日本語 | Dutch | Русский | 简体中文 | Svenska | Polski | Português | 한국어 | Dansk | Norsk | 繁體中文 | Српски | Atlético Madrid | FC 26 | Nov 5, 2025 | In game | In real life | Coach | Former players | Related squads | Comments | Random | Transfermarkt | Next match | Club Friendlies 1 2026 | Home | Atlético Madrid | Away | Getafe CF | Venue | Riyadh Air Metropolitano | Tactics | Build-up style | Balanced | Defensive approach | 65 | High | Kits | Home kit | Away kit | Goalkeeper kit | Third kit",Balanced,65,High
2026-07-24T13:58:35+00:00,260008,11,Borussia Dortmund,borussia dortmund,22,Borussia Dortmund,https://api.sofifa.com/team/22/260008/?hl=en-US,200,data/raw/sofifa/team_profiles/260008/22.html,Bundesliga,81,"Borussia Dortmund - FC 26 - Nov 5, 2025 | SoFIFA",Borussia Dortmund,81,83,80,65,8,8,€53.5M,,1,26,"Borussia Dortmund - FC 26 - Nov 5, 2025 | SoFIFA | Players | Teams | Squads | Shortlists | Discussions | Sign in | Gender | Men | Women | Currency | € EUR | $ USD | £ GBP | Color schema | Frostbite (FIFA17 ~) | Ignite (FIFA14 ~ FIFA16) | Impact (FIFA07 ~ FIFA13) | Potential | Show | Hide | Comments | Show | Hide | View user profile in | Current tab | New tab | Dual nationality | Show | Hide | English (US) | English (US) | Italiano | Português (BR) | Français | Deutsch | Español | Türkçe | 日本語 | Dutch | Русский | 简体中文 | Svenska | Polski | Português | 한국어 | Dansk | Norsk | 繁體中文 | Српски | Borussia Dortmund | FC 26 | Nov 5, 2025 | In game | In real life | Coach | Former players | Related squads | Comments | Random | Transfermarkt | Next match | Club Friendlies 1 2026 | Home | Fortuna Düsseldorf | Away | Borussia Dortmund | Venue | Merkur Spiel Arena | Tactics | Build-up style | Balanced | Defensive approach | 65 | High | Kits | Home kit | Away kit | Goalkeeper kit | Third kit",Balanced,65,High
2026-07-24T13:58:37+00:00,260008,12,Chelsea,chelsea,5,Chelsea,https://api.sofifa.com/team/5/260008/?hl=en-US,200,data/raw/sofifa/team_profiles/260008/5.html,Premier League,80,"Chelsea - FC 26 - Nov 5, 2025 | SoFIFA",Chelsea,80,80,82,65,8,8,€168.9M,,2,26,"Chelsea - FC 26 - Nov 5, 2025 | SoFIFA | Players | Teams | Squads | Shortlists | Discussions | Sign in | Gender | Men | Women | Currency | € EUR | $ USD | £ GBP | Color schema | Frostbite (FIFA17 ~) | Ignite (FIFA14 ~ FIFA16) | Impact (FIFA07 ~ FIFA13) | Potential | Show | Hide | Comments | Show | Hide | View user profile in | Current tab | New tab | Dual nationality | Show | Hide | English (US) | English (US) | Italiano | Português (BR) | Français | Deutsch | Español | Türkçe | 日本語 | Dutch | Русский | 简体中文 | Svenska | Polski | Português | 한국어 | Dansk | Norsk | 繁體中文 | Српски | Chelsea | FC 26 | Nov 5, 2025 | In game | In real life | Coach | Former players | Related squads | Comments | Random | Transfermarkt | Next match | Sydney Super Cup 2026 | Home | Chelsea | Away | Western Sydney Wanderers | Venue | Stadium Australia | Tactics | Build-up style | Balanced | Defensive approach | 65 | High | Kits | Home kit | Away kit | Goalkeeper kit | Third kit",Balanced,65,High
2026-07-24T13:58:39+00:00,260008,13,AS Roma,roma,52,Roma,https://api.sofifa.com/team/52/260008/?hl=en-US,200,data/raw/sofifa/team_profiles/260008/52.html,Serie A,79,"Roma - FC 26 - Nov 5, 2025 | SoFIFA",Roma,80,77,79,50,7,7,€40M,,25,26,"Roma - FC 26 - Nov 5, 2025 | SoFIFA | Players | Teams | Squads | Shortlists | Discussions | Sign in | Gender | Men | Women | Currency | € EUR | $ USD | £ GBP | Color schema | Frostbite (FIFA17 ~) | Ignite (FIFA14 ~ FIFA16) | Impact (FIFA07 ~ FIFA13) | Potential | Show | Hide | Comments | Show | Hide | View user profile in | Current tab | New tab | Dual nationality | Show | Hide | English (US) | English (US) | Italiano | Português (BR) | Français | Deutsch | Español | Türkçe | 日本語 | Dutch | Русский | 简体中文 | Svenska | Polski | Português | 한국어 | Dansk | Norsk | 繁體中文 | Српски | Roma | FC 26 | Nov 5, 2025 | In game | In real life | Coach | Former players | Related squads | Comments | Random | Transfermarkt | Next match | Club Friendlies 1 2026 | Home | Roma | Away | Cannes | Venue | Stadio Olimpico | Tactics | Build-up style | Balanced | Defensive approach | 50 | Balanced | Kits | Home kit | Away kit | Goalkeeper kit | Third kit",Balanced,50,Balanced
2026-07-24T13:58:40+00:00,260008,14,Benfica,benfica,234,SL Benfica,https://api.sofifa.com/team/234/260008/?hl=en-US,200,data/raw/sofifa/team_profiles/260008/234.html,Primeira Liga,79,"SL Benfica - FC 26 - Nov 5, 2025 | SoFIFA",SL Benfica,78,79,78,90,7,7,€62.4M,,25,26,"SL Benfica - FC 26 - Nov 5, 2025 | SoFIFA | Players | Teams | Squads | Shortlists | Discussions | Sign in | Gender | Men | Women | Currency | € EUR | $ USD | £ GBP | Color schema | Frostbite (FIFA17 ~) | Ignite (FIFA14 ~ FIFA16) | Impact (FIFA07 ~ FIFA13) | Potential | Show | Hide | Comments | Show | Hide | View user profile in | Current tab | New tab | Dual nationality | Show | Hide | English (US) | English (US) | Italiano | Português (BR) | Français | Deutsch | Español | Türkçe | 日本語 | Dutch | Русский | 简体中文 | Svenska | Polski | Português | 한국어 | Dansk | Norsk | 繁體中文 | Српски | SL Benfica | FC 26 | Nov 5, 2025 | In game | In real life | Coach | Former players | Related squads | Comments | Random | Transfermarkt | Next match | Club Friendlies 3 2026 | Home | SL Benfica | Away | CF Os Belenenses | Venue | Estádio do Sport Lisboa e Benfica | Tactics | Build-up style | Balanced | Defensive approach | 90 | High | Kits | Home kit | Away kit | Goalkeeper kit | Third kit",Balanced,90,High
2026-07-24T13:58:42+00:00,260008,15,Atalanta,atalanta,39,Atalanta,https://api.sofifa.com/team/39/260008/?hl=en-US,200,data/raw/sofifa/team_profiles/260008/39.html,Serie A,80,"Atalanta - FC 26 - Nov 5, 2025 | SoFIFA",Atalanta,79,79,79,50,6,6,€54.1M,,26,26,"Atalanta - FC 26 - Nov 5, 2025 | SoFIFA | Players | Teams | Squads | Shortlists | Discussions | Sign in | Gender | Men | Women | Currency | € EUR | $ USD | £ GBP | Color schema | Frostbite (FIFA17 ~) | Ignite (FIFA14 ~ FIFA16) | Impact (FIFA07 ~ FIFA13) | Potential | Show | Hide | Comments | Show | Hide | View user profile in | Current tab | New tab | Dual nationality | Show | Hide | English (US) | English (US) | Italiano | Português (BR) | Français | Deutsch | Español | Türkçe | 日本語 | Dutch | Русский | 简体中文 | Svenska | Polski | Português | 한국어 | Dansk | Norsk | 繁體中文 | Српски | Atalanta | FC 26 | Nov 5, 2025 | In game | In real life | Coach | Former players | Related squads | Comments | Random | Transfermarkt | Next match | Club Friendlies 3 2026 | Home | Atalanta | Away | Arezzo | Venue | Gewiss Stadium | Tactics | Build-up style | Short passing | Defensive approach | 50 | Balanced | Kits | Home kit | Away kit | Goalkeeper kit | Third kit",Short passing,50,Balanced
2026-07-24T13:58:44+00:00,260008,15,Sporting CP Lisbon,sporting cp lisbon,237,Sporting CP,https://api.sofifa.com/team/237/260008/?hl=en-US,200,data/raw/sofifa/team_profiles/260008/237.html,Primeira Liga,79,"Sporting CP - FC 26 - Nov 5, 2025 | SoFIFA",Sporting CP,79,79,80,65,6,6,€47.6M,,25,26,"Sporting CP - FC 26 - Nov 5, 2025 | SoFIFA | Players | Teams | Squads | Shortlists | Discussions | Sign in | Gender | Men | Women | Currency | € EUR | $ USD | £ GBP | Color schema | Frostbite (FIFA17 ~) | Ignite (FIFA14 ~ FIFA16) | Impact (FIFA07 ~ FIFA13) | Potential | Show | Hide | Comments | Show | Hide | View user profile in | Current tab | New tab | Dual nationality | Show | Hide | English (US) | English (US) | Italiano | Português (BR) | Français | Deutsch | Español | Türkçe | 日本語 | Dutch | Русский | 简体中文 | Svenska | Polski | Português | 한국어 | Dansk | Norsk | 繁體中文 | Српски | Sporting CP | FC 26 | Nov 5, 2025 | In game | In real life | Coach | Former players | Related squads | Comments | Random | Transfermarkt | Next match | Club Friendlies 3 2026 | Home | Sporting CP | Away | AS Monaco | Venue | Estádio José Alvalade | Tactics | Build-up style | Balanced | Defensive approach | 65 | High | Kits | Home kit | Away kit | Goalkeeper kit | Third kit",Balanced,65,High
2026-07-24T13:58:45+00:00,260008,17,Aston Villa,aston villa,2,Aston Villa,https://api.sofifa.com/team/2/260008/?hl=en-US,200,data/raw/sofifa/team_profiles/260008/2.html,Premier League,81,"Aston Villa - FC 26 - Nov 5, 2025 | SoFIFA",Aston Villa,80,83,81,50,7,7,€77.6M,,27,26,"Aston Villa - FC 26 - Nov 5, 2025 | SoFIFA | Players | Teams | Squads | Shortlists | Discussions | Sign in | Gender | Men | Women | Currency | € EUR | $ USD | £ GBP | Color schema | Frostbite (FIFA17 ~) | Ignite (FIFA14 ~ FIFA16) | Impact (FIFA07 ~ FIFA13) | Potential | Show | Hide | Comments | Show | Hide | View user profile in | Current tab | New tab | Dual nationality | Show | Hide | English (US) | English (US) | Italiano | Português (BR) | Français | Deutsch | Español | Türkçe | 日本語 | Dutch | Русский | 简体中文 | Svenska | Polski | Português | 한국어 | Dansk | Norsk | 繁體中文 | Српски | Aston Villa | FC 26 | Nov 5, 2025 | In game | In real life | Coach | Former players | Related squads | Comments | Random | Transfermarkt | Next match | Club Friendlies 3 2026 | Home | FC Porto | Away | Aston Villa | Venue | Estádio Do Dragão | Tactics | Build-up style | Balanced | Defensive approach | 50 | Balanced | Kits | Home kit | Away kit | Goalkeeper kit | Third kit",Balanced,50,Balanced
2026-07-24T13:58:47+00:00,260008,17,Eintracht Frankfurt,eintracht frankfurt,1824,Eintracht Frankfurt,https://api.sofifa.com/team/1824/260008/?hl=en-US,200,data/raw/sofifa/team_profiles/260008/1824.html,Bundesliga,77,"Eintracht Frankfurt - FC 26 - Nov 5, 2025 | SoFIFA",Eintracht Frankfurt,78,77,78,65,6,1,€44.2M,,25,26,"Eintracht Frankfurt - FC 26 - Nov 5, 2025 | SoFIFA | Players | Teams | Squads | Shortlists | Discussions | Sign in | Gender | Men | Women | Currency | € EUR | $ USD | £ GBP | Color schema | Frostbite (FIFA17 ~) | Ignite (FIFA14 ~ FIFA16) | Impact (FIFA07 ~ FIFA13) | Potential | Show | Hide | Comments | Show | Hide | View user profile in | Current tab | New tab | Dual nationality | Show | Hide | English (US) | English (US) | Italiano | Português (BR) | Français | Deutsch | Español | Türkçe | 日本語 | Dutch | Русский | 简体中文 | Svenska | Polski | Português | 한국어 | Dansk | Norsk | 繁體中文 | Српски | Eintracht Frankfurt | FC 26 | Nov 5, 2025 | In game | In real life | Coach | Former players | Related squads | Comments | Random | Transfermarkt | Next match | Club Friendlies 1 2026 | Home | Trabzonspor | Away | Eintracht Frankfurt | Venue | Medical Park Stadyumu | Tactics | Build-up style | Short passing | Defensive approach | 65 | High | Kits | Home kit | Away kit | Goalkeeper kit | Third kit",Short passing,65,High
2026-07-24T13:58:49+00:00,260008,19,Tottenham Hotspur,tottenham hotspur,18,Tottenham Hotspur,https://api.sofifa.com/team/18/260008/?hl=en-US,200,data/raw/sofifa/team_profiles/260008/18.html,Premier League,81,"Tottenham Hotspur - FC 26 - Nov 5, 2025 | SoFIFA",Tottenham Hotspur,81,79,81,90,7,7,€127M,,2,26,"Tottenham Hotspur - FC 26 - Nov 5, 2025 | SoFIFA | Players | Teams | Squads | Shortlists | Discussions | Sign in | Gender | Men | Women | Currency | € EUR | $ USD | £ GBP | Color schema | Frostbite (FIFA17 ~) | Ignite (FIFA14 ~ FIFA16) | Impact (FIFA07 ~ FIFA13) | Potential | Show | Hide | Comments | Show | Hide | View user profile in | Current tab | New tab | Dual nationality | Show | Hide | English (US) | English (US) | Italiano | Português (BR) | Français | Deutsch | Español | Türkçe | 日本語 | Dutch | Русский | 简体中文 | Svenska | Polski | Português | 한국어 | Dansk | Norsk | 繁體中文 | Српски | Tottenham Hotspur | FC 26 | Nov 5, 2025 | In game | In real life | Coach | Former players | Related squads | Comments | Random | Transfermarkt | Next match | Club Friendlies 1 2026 | Home | Auckland FC | Away | Tottenham Hotspur | Venue | Tactics | Build-up style | Balanced | Defensive approach | 90 | High | Kits | Home kit | Away kit | Goalkeeper kit | Third kit | Tottenham Hotspur",Balanced,90,High
2026-07-24T13:58:50+00:00,260008,20,FC Porto,porto,236,FC Porto,https://api.sofifa.com/team/236/260008/?hl=en-US,200,data/raw/sofifa/team_profiles/260008/236.html,Primeira Liga,76,"FC Porto - FC 26 - Nov 5, 2025 | SoFIFA",FC Porto,77,77,77,65,6,6,€28.5M,,23,26,"FC Porto - FC 26 - Nov 5, 2025 | SoFIFA | Players | Teams | Squads | Shortlists | Discussions | Sign in | Gender | Men | Women | Currency | € EUR | $ USD | £ GBP | Color schema | Frostbite (FIFA17 ~) | Ignite (FIFA14 ~ FIFA16) | Impact (FIFA07 ~ FIFA13) | Potential | Show | Hide | Comments | Show | Hide | View user profile in | Current tab | New tab | Dual nationality | Show | Hide | English (US) | English (US) | Italiano | Português (BR) | Français | Deutsch | Español | Türkçe | 日本語 | Dutch | Русский | 简体中文 | Svenska | Polski | Português | 한국어 | Dansk | Norsk | 繁體中文 | Српски | FC Porto | FC 26 | Nov 5, 2025 | In game | In real life | Coach | Former players | Related squads | Comments | Random | Transfermarkt | Next match | Club Friendlies 3 2026 | Home | FC Porto | Away | Aston Villa | Venue | Estádio Do Dragão | Tactics | Build-up style | Balanced | Defensive approach | 65 | High | Kits | Home kit | Away kit | Goalkeeper kit | Third kit",Balanced,65,High
2026-07-24T13:58:52+00:00,260008,21,Manchester United,manchester united,11,Manchester United,https://api.sofifa.com/team/11/260008/?hl=en-US,200,data/raw/sofifa/team_profiles/260008/11.html,Premier League,80,"Manchester United - FC 26 - Nov 5, 2025 | SoFIFA",Manchester United,80,82,80,65,7,7,€122.7M,,5,26,"Manchester United - FC 26 - Nov 5, 2025 | SoFIFA | Players | Teams | Squads | Shortlists | Discussions | Sign in | Gender | Men | Women | Currency | € EUR | $ USD | £ GBP | Color schema | Frostbite (FIFA17 ~) | Ignite (FIFA14 ~ FIFA16) | Impact (FIFA07 ~ FIFA13) | Potential | Show | Hide | Comments | Show | Hide | View user profile in | Current tab | New tab | Dual nationality | Show | Hide | English (US) | English (US) | Italiano | Português (BR) | Français | Deutsch | Español | Türkçe | 日本語 | Dutch | Русский | 简体中文 | Svenska | Polski | Português | 한국어 | Dansk | Norsk | 繁體中文 | Српски | Manchester United | FC 26 | Nov 5, 2025 | In game | In real life | Coach | Former players | Related squads | Comments | Random | Transfermarkt | Next match | Club Friendlies 1 2026 | Home | Rosenborg BK | Away | Manchester United | Venue | Lerkendal Stadion | Tactics | Build-up style | Balanced | Defensive approach | 65 | High | Kits | Home kit | Away kit | Goalkeeper kit | Third kit",Balanced,65,High
2026-07-24T13:58:54+00:00,260008,22,Fiorentina,fiorentina,110374,Fiorentina,https://api.sofifa.com/team/110374/260008/?hl=en-US,200,data/raw/sofifa/team_profiles/260008/110374.html,Serie A,77,"Fiorentina - FC 26 - Nov 5, 2025 | SoFIFA",Fiorentina,77,79,75,65,5,5,€36.2M,,27,26,"Fiorentina - FC 26 - Nov 5, 2025 | SoFIFA | Players | Teams | Squads | Shortlists | Discussions | Sign in | Gender | Men | Women | Currency | € EUR | $ USD | £ GBP | Color schema | Frostbite (FIFA17 ~) | Ignite (FIFA14 ~ FIFA16) | Impact (FIFA07 ~ FIFA13) | Potential | Show | Hide | Comments | Show | Hide | View user profile in | Current tab | New tab | Dual nationality | Show | Hide | English (US) | English (US) | Italiano | Português (BR) | Français | Deutsch | Español | Türkçe | 日本語 | Dutch | Русский | 简体中文 | Svenska | Polski | Português | 한국어 | Dansk | Norsk | 繁體中文 | Српски | Fiorentina | FC 26 | Nov 5, 2025 | In game | In real life | Coach | Former players | Related squads | Comments | Random | Transfermarkt | Next match | Club Friendlies 3 2026 | Home | Queens Park Rangers | Away | Fiorentina | Venue | MATRADE Loftus Road | Tactics | Build-up style | Short passing | Defensive approach | 65 | High | Kits | Home kit | Away kit | Goalkeeper kit | Third kit",Short passing,65,High
2026-07-24T13:58:56+00:00,260008,23,Club Brugge,club brugge,231,Club Brugge KV,https://api.sofifa.com/team/231/260008/?hl=en-US,200,data/raw/sofifa/team_profiles/260008/231.html,Pro League,74,"Club Brugge KV - FC 26 - Nov 5, 2025 | SoFIFA",Club Brugge KV,74,73,76,90,6,6,€29.7M,,25,26,"Club Brugge KV - FC 26 - Nov 5, 2025 | SoFIFA | Players | Teams | Squads | Shortlists | Discussions | Sign in | Gender | Men | Women | Currency | € EUR | $ USD | £ GBP | Color schema | Frostbite (FIFA17 ~) | Ignite (FIFA14 ~ FIFA16) | Impact (FIFA07 ~ FIFA13) | Potential | Show | Hide | Comments | Show | Hide | View user profile in | Current tab | New tab | Dual nationality | Show | Hide | English (US) | English (US) | Italiano | Português (BR) | Français | Deutsch | Español | Türkçe | 日本語 | Dutch | Русский | 简体中文 | Svenska | Polski | Português | 한국어 | Dansk | Norsk | 繁體中文 | Српски | Club Brugge KV | FC 26 | Nov 5, 2025 | In game | In real life | Coach | Former players | Related squads | Comments | Random | Transfermarkt | Next match | Club Friendlies 3 2026 | Home | Stade Rennais FC | Away | Club Brugge KV | Venue | Roazhon Park | Tactics | Build-up style | Balanced | Defensive approach | 90 | High | Kits | Home kit | Away kit | Goalkeeper kit | Third kit",Balanced,90,High
2026-07-24T13:58:57+00:00,260008,24,Real Betis,real betis,449,Real Betis Balompié,https://api.sofifa.com/team/449/260008/?hl=en-US,200,data/raw/sofifa/team_profiles/260008/449.html,La Liga,78,"Real Betis Balompié - FC 26 - Nov 5, 2025 | SoFIFA",Real Betis Balompié,78,77,79,50,3,3,€16.4M,,28,26,"Real Betis Balompié - FC 26 - Nov 5, 2025 | SoFIFA | Players | Teams | Squads | Shortlists | Discussions | Sign in | Gender | Men | Women | Currency | € EUR | $ USD | £ GBP | Color schema | Frostbite (FIFA17 ~) | Ignite (FIFA14 ~ FIFA16) | Impact (FIFA07 ~ FIFA13) | Potential | Show | Hide | Comments | Show | Hide | View user profile in | Current tab | New tab | Dual nationality | Show | Hide | English (US) | English (US) | Italiano | Português (BR) | Français | Deutsch | Español | Türkçe | 日本語 | Dutch | Русский | 简体中文 | Svenska | Polski | Português | 한국어 | Dansk | Norsk | 繁體中文 | Српски | Real Betis Balompié | FC 26 | Nov 5, 2025 | In game | In real life | Coach | Former players | Related squads | Comments | Random | Transfermarkt | Next match | Club Friendlies 3 2026 | Home | Granada CF | Away | Real Betis Balompié | Venue | Estadio Nuevo Los Cármenes | Tactics | Build-up style | Balanced | Defensive approach | 50 | Balanced | Kits | Home kit | Away kit | Goalkeeper kit | Third kit",Balanced,50,Balanced
2026-07-24T13:58:59+00:00,260008,25,Juventus,juventus,45,Juventus,https://api.sofifa.com/team/45/260008/?hl=en-US,200,data/raw/sofifa/team_profiles/260008/45.html,Serie A,80,"Juventus - FC 26 - Nov 5, 2025 | SoFIFA",Juventus,80,81,80,90,8,8,€125.5M,,1,26,"Juventus - FC 26 - Nov 5, 2025 | SoFIFA | Players | Teams | Squads | Shortlists | Discussions | Sign in | Gender | Men | Women | Currency | € EUR | $ USD | £ GBP | Color schema | Frostbite (FIFA17 ~) | Ignite (FIFA14 ~ FIFA16) | Impact (FIFA07 ~ FIFA13) | Potential | Show | Hide | Comments | Show | Hide | View user profile in | Current tab | New tab | Dual nationality | Show | Hide | English (US) | English (US) | Italiano | Português (BR) | Français | Deutsch | Español | Türkçe | 日本語 | Dutch | Русский | 简体中文 | Svenska | Polski | Português | 한국어 | Dansk | Norsk | 繁體中文 | Српски | Juventus | FC 26 | Nov 5, 2025 | In game | In real life | Coach | Former players | Related squads | Comments | Random | Transfermarkt | Next match | Club Friendlies 1 2026 | Home | Standard de Liège | Away | Juventus | Venue | Stade Maurice Dufrasne | Tactics | Build-up style | Balanced | Defensive approach | 90 | High | Kits | Home kit | Away kit | Goalkeeper kit | Third kit",Balanced,90,High
2026-07-24T13:59:01+00:00,260008,26,PSV Eindhoven,psv eindhoven,247,PSV,https://api.sofifa.com/team/247/260008/?hl=en-US,200,data/raw/sofifa/team_profiles/260008/247.html,Eredivisie,78,"PSV - FC 26 - Nov 5, 2025 | SoFIFA",PSV,77,76,80,65,6,6,€47.4M,,25,26,"PSV - FC 26 - Nov 5, 2025 | SoFIFA | Players | Teams | Squads | Shortlists | Discussions | Sign in | Gender | Men | Women | Currency | € EUR | $ USD | £ GBP | Color schema | Frostbite (FIFA17 ~) | Ignite (FIFA14 ~ FIFA16) | Impact (FIFA07 ~ FIFA13) | Potential | Show | Hide | Comments | Show | Hide | View user profile in | Current tab | New tab | Dual nationality | Show | Hide | English (US) | English (US) | Italiano | Português (BR) | Français | Deutsch | Español | Türkçe | 日本語 | Dutch | Русский | 简体中文 | Svenska | Polski | Português | 한국어 | Dansk | Norsk | 繁體中文 | Српски | PSV | FC 26 | Nov 5, 2025 | In game | In real life | Coach | Former players | Related squads | Comments | Random | Transfermarkt | Next match | Club Friendlies 1 2026 | Home | PSV | Away | Villarreal CF | Venue | Philips Stadion | Tactics | Build-up style | Balanced | Defensive approach | 65 | High | Kits | Home kit | Away kit | Goalkeeper kit | Third kit",Balanced,65,High
2026-07-24T13:59:02+00:00,260008,27,Feyenoord,feyenoord,246,Feyenoord,https://api.sofifa.com/team/246/260008/?hl=en-US,200,data/raw/sofifa/team_profiles/260008/246.html,Eredivisie,76,"Feyenoord - FC 26 - Nov 5, 2025 | SoFIFA",Feyenoord,75,76,77,65,6,6,€28.9M,,23,26,"Feyenoord - FC 26 - Nov 5, 2025 | SoFIFA | Players | Teams | Squads | Shortlists | Discussions | Sign in | Gender | Men | Women | Currency | € EUR | $ USD | £ GBP | Color schema | Frostbite (FIFA17 ~) | Ignite (FIFA14 ~ FIFA16) | Impact (FIFA07 ~ FIFA13) | Potential | Show | Hide | Comments | Show | Hide | View user profile in | Current tab | New tab | Dual nationality | Show | Hide | English (US) | English (US) | Italiano | Português (BR) | Français | Deutsch | Español | Türkçe | 日本語 | Dutch | Русский | 简体中文 | Svenska | Polski | Português | 한국어 | Dansk | Norsk | 繁體中文 | Српски | Feyenoord | FC 26 | Nov 5, 2025 | In game | In real life | Coach | Former players | Related squads | Comments | Random | Transfermarkt | Next match | Club Friendlies 4 2026 | Home | Feyenoord | Away | Rayo Vallecano | Venue | Stadion Feijenoord | Tactics | Build-up style | Short passing | Defensive approach | 65 | High | Kits | Home kit | Away kit | Goalkeeper kit | Third kit",Short passing,65,High
2026-07-24T13:59:04+00:00,260008,28,West Ham United,west ham united,19,West Ham United,https://api.sofifa.com/team/19/260008/?hl=en-US,200,data/raw/sofifa/team_profiles/260008/19.html,Premier League,78,"West Ham United - FC 26 - Nov 5, 2025 | SoFIFA",West Ham United,77,78,77,30,4,4,€70.6M,,25,26,"West Ham United - FC 26 - Nov 5, 2025 | SoFIFA | Players | Teams | Squads | Shortlists | Discussions | Sign in | Gender | Men | Women | Currency | € EUR | $ USD | £ GBP | Color schema | Frostbite (FIFA17 ~) | Ignite (FIFA14 ~ FIFA16) | Impact (FIFA07 ~ FIFA13) | Potential | Show | Hide | Comments | Show | Hide | View user profile in | Current tab | New tab | Dual nationality | Show | Hide | English (US) | English (US) | Italiano | Português (BR) | Français | Deutsch | Español | Türkçe | 日本語 | Dutch | Русский | 简体中文 | Svenska | Polski | Português | 한국어 | Dansk | Norsk | 繁體中文 | Српски | West Ham United | FC 26 | Nov 5, 2025 | In game | In real life | Coach | Former players | Related squads | Comments | Random | Transfermarkt | Next match | Club Friendlies 3 2026 | Home | Rangers FC | Away | West Ham United | Venue | Ibrox Stadium | Tactics | Build-up style | Short passing | Defensive approach | 30 | Deep | Kits | Home kit | Away kit | Goalkeeper kit | Third kit",Short passing,30,Deep
2026-07-24T13:59:06+00:00,260008,29,Lille OSC,lille osc,65,Lille OSC,https://api.sofifa.com/team/65/260008/?hl=en-US,200,data/raw/sofifa/team_profiles/260008/65.html,Ligue 1,77,"Lille OSC - FC 26 - Nov 5, 2025 | SoFIFA",Lille OSC,76,79,76,65,4,4,€18.9M,,26,26,"Lille OSC - FC 26 - Nov 5, 2025 | SoFIFA | Players | Teams | Squads | Shortlists | Discussions | Sign in | Gender | Men | Women | Currency | € EUR | $ USD | £ GBP | Color schema | Frostbite (FIFA17 ~) | Ignite (FIFA14 ~ FIFA16) | Impact (FIFA07 ~ FIFA13) | Potential | Show | Hide | Comments | Show | Hide | View user profile in | Current tab | New tab | Dual nationality | Show | Hide | English (US) | English (US) | Italiano | Português (BR) | Français | Deutsch | Español | Türkçe | 日本語 | Dutch | Русский | 简体中文 | Svenska | Polski | Português | 한국어 | Dansk | Norsk | 繁體中文 | Српски | Lille OSC | FC 26 | Nov 5, 2025 | In game | In real life | Coach | Former players | Related squads | Comments | Random | Transfermarkt | Next match | Club Friendlies 3 2026 | Home | Union Saint-Gilloise | Away | Lille OSC | Venue | Stade Joseph Mariën | Tactics | Build-up style | Balanced | Defensive approach | 65 | High | Kits | Home kit | Away kit | Goalkeeper kit | Third kit",Balanced,65,High
2026-07-24T13:59:08+00:00,260008,30,AC Milan,milan,47,AC Milan,https://api.sofifa.com/team/47/260008/?hl=en-US,200,data/raw/sofifa/team_profiles/260008/47.html,Serie A,81,"AC Milan - FC 26 - Nov 5, 2025 | SoFIFA",AC Milan,81,82,79,50,8,8,€58.8M,,1,26,"AC Milan - FC 26 - Nov 5, 2025 | SoFIFA | Players | Teams | Squads | Shortlists | Discussions | Sign in | Gender | Men | Women | Currency | € EUR | $ USD | £ GBP | Color schema | Frostbite (FIFA17 ~) | Ignite (FIFA14 ~ FIFA16) | Impact (FIFA07 ~ FIFA13) | Potential | Show | Hide | Comments | Show | Hide | View user profile in | Current tab | New tab | Dual nationality | Show | Hide | English (US) | English (US) | Italiano | Português (BR) | Français | Deutsch | Español | Türkçe | 日本語 | Dutch | Русский | 简体中文 | Svenska | Polski | Português | 한국어 | Dansk | Norsk | 繁體中文 | Српски | AC Milan | FC 26 | Nov 5, 2025 | In game | In real life | Coach | Former players | Related squads | Comments | Random | Transfermarkt | Next match | Club Friendlies 1 2026 | Home | Celtic | Away | AC Milan | Venue | Celtic Park | Tactics | Build-up style | Short passing | Defensive approach | 50 | Balanced | Kits | Home kit | Away kit | Goalkeeper kit | Third kit",Short passing,50,Balanced
2026-07-24T13:59:09+00:00,260008,31,Olympique Lyon,lyon,66,Olympique Lyonnais,https://api.sofifa.com/team/66/260008/?hl=en-US,200,data/raw/sofifa/team_profiles/260008/66.html,Ligue 1,77,"Olympique Lyonnais - FC 26 - Nov 5, 2025 | SoFIFA",Olympique Lyonnais,76,74,75,65,4,4,€18.2M,,26,26,"Olympique Lyonnais - FC 26 - Nov 5, 2025 | SoFIFA | Players | Teams | Squads | Shortlists | Discussions | Sign in | Gender | Men | Women | Currency | € EUR | $ USD | £ GBP | Color schema | Frostbite (FIFA17 ~) | Ignite (FIFA14 ~ FIFA16) | Impact (FIFA07 ~ FIFA13) | Potential | Show | Hide | Comments | Show | Hide | View user profile in | Current tab | New tab | Dual nationality | Show | Hide | English (US) | English (US) | Italiano | Português (BR) | Français | Deutsch | Español | Türkçe | 日本語 | Dutch | Русский | 简体中文 | Svenska | Polski | Português | 한국어 | Dansk | Norsk | 繁體中文 | Српски | Olympique Lyonnais | FC 26 | Nov 5, 2025 | In game | In real life | Coach | Former players | Related squads | Comments | Random | Transfermarkt | Next match | Club Friendlies 3 2026 | Home | Real Betis Balompié | Away | Olympique Lyonnais | Venue | Estadio Municipal de La Línea de la Concepción | Tactics | Build-up style | Balanced | Defensive approach | 65 | High | Kits | Home kit | Away kit | Goalkee",Balanced,65,High
2026-07-24T13:59:11+00:00,260008,32,Bodø/Glimt,bodo glimt,918,FK Bodø/Glimt,https://api.sofifa.com/team/918/260008/?hl=en-US,200,data/raw/sofifa/team_profiles/260008/918.html,Eliteserien,69,"FK Bodø/Glimt - FC 26 - Nov 5, 2025 | SoFIFA",FK Bodø/Glimt,71,70,73,90,4,4,€7.5M,,26,26,"FK Bodø/Glimt - FC 26 - Nov 5, 2025 | SoFIFA | Players | Teams | Squads | Shortlists | Discussions | Sign in | Gender | Men | Women | Currency | € EUR | $ USD | £ GBP | Color schema | Frostbite (FIFA17 ~) | Ignite (FIFA14 ~ FIFA16) | Impact (FIFA07 ~ FIFA13) | Potential | Show | Hide | Comments | Show | Hide | View user profile in | Current tab | New tab | Dual nationality | Show | Hide | English (US) | English (US) | Italiano | Português (BR) | Français | Deutsch | Español | Türkçe | 日本語 | Dutch | Русский | 简体中文 | Svenska | Polski | Português | 한국어 | Dansk | Norsk | 繁體中文 | Српски | FK Bodø/Glimt | FC 26 | Nov 5, 2025 | In game | In real life | Coach | Former players | Related squads | Comments | Random | Transfermarkt | Next match | Eliteserien 2026 | Home | Sandefjord Fotball | Away | FK Bodø/Glimt | Venue | Komplett Arena | Tactics | Build-up style | Balanced | Defensive approach | 90 | High | Kits | Home kit | Away kit | Goalkeeper kit | Third kit",Balanced,90,High
2026-07-24T13:59:13+00:00,260008,33,Sporting Braga,sporting braga,1896,Sporting Clube de Braga,https://api.sofifa.com/team/1896/260008/?hl=en-US,200,data/raw/sofifa/team_profiles/260008/1896.html,Primeira Liga,74,"Sporting Clube de Braga - FC 26 - Nov 5, 2025 | SoFIFA",Sporting Clube de Braga,74,74,75,65,3,3,€24.3M,,26,26,"Sporting Clube de Braga - FC 26 - Nov 5, 2025 | SoFIFA | Players | Teams | Squads | Shortlists | Discussions | Sign in | Gender | Men | Women | Currency | € EUR | $ USD | £ GBP | Color schema | Frostbite (FIFA17 ~) | Ignite (FIFA14 ~ FIFA16) | Impact (FIFA07 ~ FIFA13) | Potential | Show | Hide | Comments | Show | Hide | View user profile in | Current tab | New tab | Dual nationality | Show | Hide | English (US) | English (US) | Italiano | Português (BR) | Français | Deutsch | Español | Türkçe | 日本語 | Dutch | Русский | 简体中文 | Svenska | Polski | Português | 한국어 | Dansk | Norsk | 繁體中文 | Српски | Sporting Clube de Braga | FC 26 | Nov 5, 2025 | In game | In real life | Coach | Former players | Related squads | Comments | Random | Transfermarkt | Next match | Europa Conference League 2026/2027 | Home | Sporting Clube de Braga | Away | Železničar Pančevo | Venue | Estádio Municipal de Braga | Tactics | Build-up style | Short passing | Defensive approach | 65 | High | Kits | Home kit | Away ki",Short passing,65,High
2026-07-24T13:59:15+00:00,260008,34,Napoli,napoli,48,Napoli,https://api.sofifa.com/team/48/260008/?hl=en-US,200,data/raw/sofifa/team_profiles/260008/48.html,Serie A,79,"Napoli - FC 26 - Nov 5, 2025 | SoFIFA",Napoli,81,79,82,65,7,7,€62.6M,,28,26,"Napoli - FC 26 - Nov 5, 2025 | SoFIFA | Players | Teams | Squads | Shortlists | Discussions | Sign in | Gender | Men | Women | Currency | € EUR | $ USD | £ GBP | Color schema | Frostbite (FIFA17 ~) | Ignite (FIFA14 ~ FIFA16) | Impact (FIFA07 ~ FIFA13) | Potential | Show | Hide | Comments | Show | Hide | View user profile in | Current tab | New tab | Dual nationality | Show | Hide | English (US) | English (US) | Italiano | Português (BR) | Français | Deutsch | Español | Türkçe | 日本語 | Dutch | Русский | 简体中文 | Svenska | Polski | Português | 한국어 | Dansk | Norsk | 繁體中文 | Српски | Napoli | FC 26 | Nov 5, 2025 | In game | In real life | Coach | Former players | Related squads | Comments | Random | Transfermarkt | Next match | Club Friendlies 3 2026 | Home | Napoli | Away | Carrarese | Venue | Stadio Diego Armando Maradona | Tactics | Build-up style | Balanced | Defensive approach | 65 | High | Kits | Home kit | Away kit | Goalkeeper kit | Third kit",Balanced,65,High
2026-07-24T13:59:16+00:00,260008,35,AZ Alkmaar,az alkmaar,1906,AZ Alkmaar,https://api.sofifa.com/team/1906/260008/?hl=en-US,200,data/raw/sofifa/team_profiles/260008/1906.html,Eredivisie,71,"AZ Alkmaar - FC 26 - Nov 5, 2025 | SoFIFA",AZ Alkmaar,73,74,74,65,4,4,€28.6M,,23,26,"AZ Alkmaar - FC 26 - Nov 5, 2025 | SoFIFA | Players | Teams | Squads | Shortlists | Discussions | Sign in | Gender | Men | Women | Currency | € EUR | $ USD | £ GBP | Color schema | Frostbite (FIFA17 ~) | Ignite (FIFA14 ~ FIFA16) | Impact (FIFA07 ~ FIFA13) | Potential | Show | Hide | Comments | Show | Hide | View user profile in | Current tab | New tab | Dual nationality | Show | Hide | English (US) | English (US) | Italiano | Português (BR) | Français | Deutsch | Español | Türkçe | 日本語 | Dutch | Русский | 简体中文 | Svenska | Polski | Português | 한국어 | Dansk | Norsk | 繁體中文 | Српски | AZ Alkmaar | FC 26 | Nov 5, 2025 | In game | In real life | Coach | Former players | Related squads | Comments | Random | Transfermarkt | Next match | Club Friendlies 3 2026 | Home | AZ Alkmaar | Away | Olympiacos FC | Venue | AFAS Stadion | Tactics | Build-up style | Balanced | Defensive approach | 65 | High | Kits | Home kit | Away kit | Goalkeeper kit | Third kit",Balanced,65,High
2026-07-24T13:59:18+00:00,260008,36,Olympiakos Piraeus,olympiakos,280,Olympiacos FC,https://api.sofifa.com/team/280/260008/?hl=en-US,200,data/raw/sofifa/team_profiles/260008/280.html,Super League,76,"Olympiacos FC - FC 26 - Nov 5, 2025 | SoFIFA",Olympiacos FC,76,79,76,90,7,7,€19.7M,,26,26,"Olympiacos FC - FC 26 - Nov 5, 2025 | SoFIFA | Players | Teams | Squads | Shortlists | Discussions | Sign in | Gender | Men | Women | Currency | € EUR | $ USD | £ GBP | Color schema | Frostbite (FIFA17 ~) | Ignite (FIFA14 ~ FIFA16) | Impact (FIFA07 ~ FIFA13) | Potential | Show | Hide | Comments | Show | Hide | View user profile in | Current tab | New tab | Dual nationality | Show | Hide | English (US) | English (US) | Italiano | Português (BR) | Français | Deutsch | Español | Türkçe | 日本語 | Dutch | Русский | 简体中文 | Svenska | Polski | Português | 한국어 | Dansk | Norsk | 繁體中文 | Српски | Olympiacos FC | FC 26 | Nov 5, 2025 | In game | In real life | Coach | Former players | Related squads | Comments | Random | Transfermarkt | Next match | Club Friendlies 3 2026 | Home | Royal Antwerp FC | Away | Olympiacos FC | Venue | Bosuilstadion | Tactics | Build-up style | Balanced | Defensive approach | 90 | High | Kits | Home kit | Away kit | Goalkeeper kit | Third kit",Balanced,90,High
2026-07-24T13:59:20+00:00,260008,37,RB Leipzig,rb leipzig,112172,RB Leipzig,https://api.sofifa.com/team/112172/260008/?hl=en-US,200,data/raw/sofifa/team_profiles/260008/112172.html,Bundesliga,80,"RB Leipzig - FC 26 - Nov 5, 2025 | SoFIFA",RB Leipzig,78,77,76,65,7,7,€79.5M,,25,26,"RB Leipzig - FC 26 - Nov 5, 2025 | SoFIFA | Players | Teams | Squads | Shortlists | Discussions | Sign in | Gender | Men | Women | Currency | € EUR | $ USD | £ GBP | Color schema | Frostbite (FIFA17 ~) | Ignite (FIFA14 ~ FIFA16) | Impact (FIFA07 ~ FIFA13) | Potential | Show | Hide | Comments | Show | Hide | View user profile in | Current tab | New tab | Dual nationality | Show | Hide | English (US) | English (US) | Italiano | Português (BR) | Français | Deutsch | Español | Türkçe | 日本語 | Dutch | Русский | 简体中文 | Svenska | Polski | Português | 한국어 | Dansk | Norsk | 繁體中文 | Српски | RB Leipzig | FC 26 | Nov 5, 2025 | In game | In real life | Coach | Former players | Related squads | Comments | Random | Transfermarkt | Next match | Club Friendlies 3 2026 | Home | RB Leipzig | Away | FC Ingolstadt 04 | Venue | Red Bull Arena | Tactics | Build-up style | Counter | Defensive approach | 65 | High | Kits | Home kit | Away kit | Goalkeeper kit | Third kit",Counter,65,High
2026-07-24T13:59:22+00:00,260008,38,Glasgow Rangers,rangers,86,Rangers FC,https://api.sofifa.com/team/86/260008/?hl=en-US,200,data/raw/sofifa/team_profiles/260008/86.html,Premiership,74,"Rangers FC - FC 26 - Nov 5, 2025 | SoFIFA",Rangers FC,73,72,73,90,6,6,€13.8M,,25,26,"Rangers FC - FC 26 - Nov 5, 2025 | SoFIFA | Players | Teams | Squads | Shortlists | Discussions | Sign in | Gender | Men | Women | Currency | € EUR | $ USD | £ GBP | Color schema | Frostbite (FIFA17 ~) | Ignite (FIFA14 ~ FIFA16) | Impact (FIFA07 ~ FIFA13) | Potential | Show | Hide | Comments | Show | Hide | View user profile in | Current tab | New tab | Dual nationality | Show | Hide | English (US) | English (US) | Italiano | Português (BR) | Français | Deutsch | Español | Türkçe | 日本語 | Dutch | Русский | 简体中文 | Svenska | Polski | Português | 한국어 | Dansk | Norsk | 繁體中文 | Српски | Rangers FC | FC 26 | Nov 5, 2025 | In game | In real life | Coach | Former players | Related squads | Comments | Random | Transfermarkt | Next match | Club Friendlies 3 2026 | Home | Rangers FC | Away | West Ham United | Venue | Ibrox Stadium | Tactics | Build-up style | Balanced | Defensive approach | 90 | High | Kits | Home kit | Away kit | Goalkeeper kit | Third kit",Balanced,90,High
2026-07-24T13:59:23+00:00,260008,39,Lazio,lazio,46,Lazio,https://api.sofifa.com/team/46/260008/?hl=en-US,200,data/raw/sofifa/team_profiles/260008/46.html,Serie A,79,"Lazio - FC 26 - Nov 5, 2025 | SoFIFA",Lazio,79,80,77,30,7,7,€17.9M,,28,26,"Lazio - FC 26 - Nov 5, 2025 | SoFIFA | Players | Teams | Squads | Shortlists | Discussions | Sign in | Gender | Men | Women | Currency | € EUR | $ USD | £ GBP | Color schema | Frostbite (FIFA17 ~) | Ignite (FIFA14 ~ FIFA16) | Impact (FIFA07 ~ FIFA13) | Potential | Show | Hide | Comments | Show | Hide | View user profile in | Current tab | New tab | Dual nationality | Show | Hide | English (US) | English (US) | Italiano | Português (BR) | Français | Deutsch | Español | Türkçe | 日本語 | Dutch | Русский | 简体中文 | Svenska | Polski | Português | 한국어 | Dansk | Norsk | 繁體中文 | Српски | Lazio | FC 26 | Nov 5, 2025 | In game | In real life | Coach | Former players | Related squads | Comments | Random | Transfermarkt | Next match | Club Friendlies 3 2026 | Home | Lazio | Away | Flaminia | Venue | Stadio Olimpico | Tactics | Build-up style | Balanced | Defensive approach | 30 | Deep | Kits | Home kit | Away kit | Goalkeeper kit | Third kit",Balanced,30,Deep
2026-07-24T13:59:25+00:00,260008,39,Villarreal,villarreal,483,Villarreal CF,https://api.sofifa.com/team/483/260008/?hl=en-US,200,data/raw/sofifa/team_profiles/260008/483.html,La Liga,78,"Villarreal CF - FC 26 - Nov 5, 2025 | SoFIFA",Villarreal CF,79,80,79,50,7,7,€35M,,25,26,"Villarreal CF - FC 26 - Nov 5, 2025 | SoFIFA | Players | Teams | Squads | Shortlists | Discussions | Sign in | Gender | Men | Women | Currency | € EUR | $ USD | £ GBP | Color schema | Frostbite (FIFA17 ~) | Ignite (FIFA14 ~ FIFA16) | Impact (FIFA07 ~ FIFA13) | Potential | Show | Hide | Comments | Show | Hide | View user profile in | Current tab | New tab | Dual nationality | Show | Hide | English (US) | English (US) | Italiano | Português (BR) | Français | Deutsch | Español | Türkçe | 日本語 | Dutch | Русский | 简体中文 | Svenska | Polski | Português | 한국어 | Dansk | Norsk | 繁體中文 | Српски | Villarreal CF | FC 26 | Nov 5, 2025 | In game | In real life | Coach | Former players | Related squads | Comments | Random | Transfermarkt | Next match | Club Friendlies 1 2026 | Home | PSV | Away | Villarreal CF | Venue | Philips Stadion | Tactics | Build-up style | Short passing | Defensive approach | 50 | Balanced | Kits | Home kit | Away kit | Goalkeeper kit | Third kit",Short passing,50,Balanced
2026-07-24T13:59:27+00:00,260008,41,Ajax,ajax,245,Ajax,https://api.sofifa.com/team/245/260008/?hl=en-US,200,data/raw/sofifa/team_profiles/260008/245.html,Eredivisie,76,"Ajax - FC 26 - Nov 5, 2025 | SoFIFA",Ajax,75,76,75,65,6,6,€42.6M,,25,26,"Ajax - FC 26 - Nov 5, 2025 | SoFIFA | Players | Teams | Squads | Shortlists | Discussions | Sign in | Gender | Men | Women | Currency | € EUR | $ USD | £ GBP | Color schema | Frostbite (FIFA17 ~) | Ignite (FIFA14 ~ FIFA16) | Impact (FIFA07 ~ FIFA13) | Potential | Show | Hide | Comments | Show | Hide | View user profile in | Current tab | New tab | Dual nationality | Show | Hide | English (US) | English (US) | Italiano | Português (BR) | Français | Deutsch | Español | Türkçe | 日本語 | Dutch | Русский | 简体中文 | Svenska | Polski | Português | 한국어 | Dansk | Norsk | 繁體中文 | Српски | Ajax | FC 26 | Nov 5, 2025 | In game | In real life | Coach | Former players | Related squads | Comments | Random | Transfermarkt | Next match | Club Friendlies 1 2026 | Home | Ajax | Away | Burnley | Venue | Johan Cruijff Arena | Tactics | Build-up style | Balanced | Defensive approach | 65 | High | Kits | Home kit | Away kit | Goalkeeper kit | Third kit",Balanced,65,High
2026-07-24T13:59:28+00:00,260008,42,Fenerbahçe,fenerbahce,326,Fenerbahçe SK,https://api.sofifa.com/team/326/260008/?hl=en-US,200,data/raw/sofifa/team_profiles/260008/326.html,Süper Lig,80,"Fenerbahçe SK - FC 26 - Nov 5, 2025 | SoFIFA",Fenerbahçe SK,79,79,79,90,6,6,€31.6M,,28,26,"Fenerbahçe SK - FC 26 - Nov 5, 2025 | SoFIFA | Players | Teams | Squads | Shortlists | Discussions | Sign in | Gender | Men | Women | Currency | € EUR | $ USD | £ GBP | Color schema | Frostbite (FIFA17 ~) | Ignite (FIFA14 ~ FIFA16) | Impact (FIFA07 ~ FIFA13) | Potential | Show | Hide | Comments | Show | Hide | View user profile in | Current tab | New tab | Dual nationality | Show | Hide | English (US) | English (US) | Italiano | Português (BR) | Français | Deutsch | Español | Türkçe | 日本語 | Dutch | Русский | 简体中文 | Svenska | Polski | Português | 한국어 | Dansk | Norsk | 繁體中文 | Српски | Fenerbahçe SK | FC 26 | Nov 5, 2025 | In game | In real life | Coach | Former players | Related squads | Comments | Random | Transfermarkt | Next match | Champions League 2026/2027 | Home | Górnik Zabrze | Away | Fenerbahçe SK | Venue | Arena Zabrze | Tactics | Build-up style | Balanced | Defensive approach | 90 | High | Kits | Home kit | Away kit | Goalkeeper kit | Third kit",Balanced,90,High
2026-07-24T13:59:30+00:00,260008,43,Real Sociedad,real sociedad,457,Real Sociedad,https://api.sofifa.com/team/457/260008/?hl=en-US,200,data/raw/sofifa/team_profiles/260008/457.html,La Liga,78,"Real Sociedad - FC 26 - Nov 5, 2025 | SoFIFA",Real Sociedad,77,79,77,90,4,4,€16.2M,,25,26,"Real Sociedad - FC 26 - Nov 5, 2025 | SoFIFA | Players | Teams | Squads | Shortlists | Discussions | Sign in | Gender | Men | Women | Currency | € EUR | $ USD | £ GBP | Color schema | Frostbite (FIFA17 ~) | Ignite (FIFA14 ~ FIFA16) | Impact (FIFA07 ~ FIFA13) | Potential | Show | Hide | Comments | Show | Hide | View user profile in | Current tab | New tab | Dual nationality | Show | Hide | English (US) | English (US) | Italiano | Português (BR) | Français | Deutsch | Español | Türkçe | 日本語 | Dutch | Русский | 简体中文 | Svenska | Polski | Português | 한국어 | Dansk | Norsk | 繁體中文 | Српски | Real Sociedad | FC 26 | Nov 5, 2025 | In game | In real life | Coach | Former players | Related squads | Comments | Random | Transfermarkt | Next match | Club Friendlies 3 2026 | Home | Wolverhampton Wanderers | Away | Real Sociedad | Venue | Molineux Stadium | Tactics | Build-up style | Short passing | Defensive approach | 90 | High | Kits | Home kit | Away kit | Goalkeeper kit | Third kit",Short passing,90,High
2026-07-24T13:59:32+00:00,260008,44,SC Freiburg,freiburg,25,SC Freiburg,https://api.sofifa.com/team/25/260008/?hl=en-US,200,data/raw/sofifa/team_profiles/260008/25.html,Bundesliga,76,"SC Freiburg - FC 26 - Nov 5, 2025 | SoFIFA",SC Freiburg,75,71,74,50,4,4,€21.6M,,27,26,"SC Freiburg - FC 26 - Nov 5, 2025 | SoFIFA | Players | Teams | Squads | Shortlists | Discussions | Sign in | Gender | Men | Women | Currency | € EUR | $ USD | £ GBP | Color schema | Frostbite (FIFA17 ~) | Ignite (FIFA14 ~ FIFA16) | Impact (FIFA07 ~ FIFA13) | Potential | Show | Hide | Comments | Show | Hide | View user profile in | Current tab | New tab | Dual nationality | Show | Hide | English (US) | English (US) | Italiano | Português (BR) | Français | Deutsch | Español | Türkçe | 日本語 | Dutch | Русский | 简体中文 | Svenska | Polski | Português | 한국어 | Dansk | Norsk | 繁體中文 | Српски | SC Freiburg | FC 26 | Nov 5, 2025 | In game | In real life | Coach | Former players | Related squads | Comments | Random | Transfermarkt | Next match | Club Friendlies 3 2026 | Home | SC Freiburg | Away | Derby County | Venue | Europa Park Stadion | Tactics | Build-up style | Balanced | Defensive approach | 50 | Balanced | Kits | Home kit | Away kit | Goalkeeper kit | Third kit",Balanced,50,Balanced
2026-07-24T13:59:33+00:00,260008,45,Shakhtar Donetsk,shakhtar donetsk,101059,Shakhtar Donetsk,https://api.sofifa.com/team/101059/260008/?hl=en-US,200,data/raw/sofifa/team_profiles/260008/101059.html,Premier League,72,"Shakhtar Donetsk - FC 26 - Nov 5, 2025 | SoFIFA",Shakhtar Donetsk,72,71,73,50,6,6,€13.3M,,23,26,"Shakhtar Donetsk - FC 26 - Nov 5, 2025 | SoFIFA | Players | Teams | Squads | Shortlists | Discussions | Sign in | Gender | Men | Women | Currency | € EUR | $ USD | £ GBP | Color schema | Frostbite (FIFA17 ~) | Ignite (FIFA14 ~ FIFA16) | Impact (FIFA07 ~ FIFA13) | Potential | Show | Hide | Comments | Show | Hide | View user profile in | Current tab | New tab | Dual nationality | Show | Hide | English (US) | English (US) | Italiano | Português (BR) | Français | Deutsch | Español | Türkçe | 日本語 | Dutch | Русский | 简体中文 | Svenska | Polski | Português | 한국어 | Dansk | Norsk | 繁體中文 | Српски | Shakhtar Donetsk | FC 26 | Nov 5, 2025 | In game | In real life | Coach | Former players | Related squads | Comments | Random | Transfermarkt | Next match | Club Friendlies 3 2026 | Home | Shakhtar Donetsk | Away | Al Ula | Venue | Arena L'viv | Tactics | Build-up style | Balanced | Defensive approach | 50 | Balanced | Kits | Home kit | Away kit | Goalkeeper kit | Third kit",Balanced,50,Balanced
2026-07-24T13:59:35+00:00,260008,46,AS Monaco,monaco,69,AS Monaco,https://api.sofifa.com/team/69/260008/?hl=en-US,200,data/raw/sofifa/team_profiles/260008/69.html,Ligue 1,77,"AS Monaco - FC 26 - Nov 5, 2025 | SoFIFA",AS Monaco,78,77,75,65,6,6,€36M,,26,26,"AS Monaco - FC 26 - Nov 5, 2025 | SoFIFA | Players | Teams | Squads | Shortlists | Discussions | Sign in | Gender | Men | Women | Currency | € EUR | $ USD | £ GBP | Color schema | Frostbite (FIFA17 ~) | Ignite (FIFA14 ~ FIFA16) | Impact (FIFA07 ~ FIFA13) | Potential | Show | Hide | Comments | Show | Hide | View user profile in | Current tab | New tab | Dual nationality | Show | Hide | English (US) | English (US) | Italiano | Português (BR) | Français | Deutsch | Español | Türkçe | 日本語 | Dutch | Русский | 简体中文 | Svenska | Polski | Português | 한국어 | Dansk | Norsk | 繁體中文 | Српски | AS Monaco | FC 26 | Nov 5, 2025 | In game | In real life | Coach | Former players | Related squads | Comments | Random | Transfermarkt | Next match | Club Friendlies 3 2026 | Home | Sporting CP | Away | AS Monaco | Venue | Estádio José Alvalade | Tactics | Build-up style | Balanced | Defensive approach | 65 | High | Kits | Home kit | Away kit | Goalkeeper kit | Third kit",Balanced,65,High
2026-07-24T13:59:37+00:00,260008,47,FC København,copenhagen,819,FC København,https://api.sofifa.com/team/819/260008/?hl=en-US,200,data/raw/sofifa/team_profiles/260008/819.html,Superliga,72,"FC København - FC 26 - Nov 5, 2025 | SoFIFA",FC København,72,73,72,90,4,4,€11.5M,,27,26,"FC København - FC 26 - Nov 5, 2025 | SoFIFA | Players | Teams | Squads | Shortlists | Discussions | Sign in | Gender | Men | Women | Currency | € EUR | $ USD | £ GBP | Color schema | Frostbite (FIFA17 ~) | Ignite (FIFA14 ~ FIFA16) | Impact (FIFA07 ~ FIFA13) | Potential | Show | Hide | Comments | Show | Hide | View user profile in | Current tab | New tab | Dual nationality | Show | Hide | English (US) | English (US) | Italiano | Português (BR) | Français | Deutsch | Español | Türkçe | 日本語 | Dutch | Русский | 简体中文 | Svenska | Polski | Português | 한국어 | Dansk | Norsk | 繁體中文 | Српски | FC København | FC 26 | Nov 5, 2025 | In game | In real life | Coach | Former players | Related squads | Comments | Random | Transfermarkt | Next match | Superliga 2026/2027 | Home | FC København | Away | Lyngby Boldklub | Venue | Parken | Tactics | Build-up style | Balanced | Defensive approach | 90 | High | Kits | Home kit | Away kit | Goalkeeper kit | Third kit",Balanced,90,High
2026-07-24T13:59:39+00:00,260008,48,Olympique Marseille,marseille,219,Olympique de Marseille,https://api.sofifa.com/team/219/260008/?hl=en-US,200,data/raw/sofifa/team_profiles/260008/219.html,Ligue 1,78,"Olympique de Marseille - FC 26 - Nov 5, 2025 | SoFIFA",Olympique de Marseille,79,81,79,65,5,5,€38.9M,,28,26,"Olympique de Marseille - FC 26 - Nov 5, 2025 | SoFIFA | Players | Teams | Squads | Shortlists | Discussions | Sign in | Gender | Men | Women | Currency | € EUR | $ USD | £ GBP | Color schema | Frostbite (FIFA17 ~) | Ignite (FIFA14 ~ FIFA16) | Impact (FIFA07 ~ FIFA13) | Potential | Show | Hide | Comments | Show | Hide | View user profile in | Current tab | New tab | Dual nationality | Show | Hide | English (US) | English (US) | Italiano | Português (BR) | Français | Deutsch | Español | Türkçe | 日本語 | Dutch | Русский | 简体中文 | Svenska | Polski | Português | 한국어 | Dansk | Norsk | 繁體中文 | Српски | Olympique de Marseille | FC 26 | Nov 5, 2025 | In game | In real life | Coach | Former players | Related squads | Comments | Random | Transfermarkt | Next match | Club Friendlies 3 2026 | Home | Olympique de Marseille | Away | OGC Nice | Venue | Stade Vélodrome | Tactics | Build-up style | Balanced | Defensive approach | 65 | High | Kits | Home kit | Away kit | Goalkeeper kit | Third kit",Balanced,65,High
2026-07-24T13:59:40+00:00,260008,49,Galatasaray,galatasaray,325,Galatasaray SK,https://api.sofifa.com/team/325/260008/?hl=en-US,200,data/raw/sofifa/team_profiles/260008/325.html,Süper Lig,79,"Galatasaray SK - FC 26 - Nov 5, 2025 | SoFIFA",Galatasaray SK,80,84,80,65,7,7,€32.7M,,28,26,"Galatasaray SK - FC 26 - Nov 5, 2025 | SoFIFA | Players | Teams | Squads | Shortlists | Discussions | Sign in | Gender | Men | Women | Currency | € EUR | $ USD | £ GBP | Color schema | Frostbite (FIFA17 ~) | Ignite (FIFA14 ~ FIFA16) | Impact (FIFA07 ~ FIFA13) | Potential | Show | Hide | Comments | Show | Hide | View user profile in | Current tab | New tab | Dual nationality | Show | Hide | English (US) | English (US) | Italiano | Português (BR) | Français | Deutsch | Español | Türkçe | 日本語 | Dutch | Русский | 简体中文 | Svenska | Polski | Português | 한국어 | Dansk | Norsk | 繁體中文 | Српски | Galatasaray SK | FC 26 | Nov 5, 2025 | In game | In real life | Coach | Former players | Related squads | Comments | Random | Transfermarkt | Next match | Club Friendlies 1 2026 | Home | Galatasaray SK | Away | Monza | Venue | Raiffeisen Arena | Tactics | Build-up style | Balanced | Defensive approach | 65 | High | Kits | Home kit | Away kit | Goalkeeper kit | Third kit",Balanced,65,High
2026-07-24T13:59:42+00:00,260008,50,Ferencváros,ferencvaros,1874,Ferencvárosi Torna Club,https://api.sofifa.com/team/1874/260008/?hl=en-US,200,data/raw/sofifa/team_profiles/260008/1874.html,Nemzeti Bajnokság I,72,"Ferencvárosi Torna Club - FC 26 - Nov 5, 2025 | SoFIFA",Ferencvárosi Torna Club,72,72,71,50,4,4,€7.3M,,26,26,"Ferencvárosi Torna Club - FC 26 - Nov 5, 2025 | SoFIFA | Players | Teams | Squads | Shortlists | Discussions | Sign in | Gender | Men | Women | Currency | € EUR | $ USD | £ GBP | Color schema | Frostbite (FIFA17 ~) | Ignite (FIFA14 ~ FIFA16) | Impact (FIFA07 ~ FIFA13) | Potential | Show | Hide | Comments | Show | Hide | View user profile in | Current tab | New tab | Dual nationality | Show | Hide | English (US) | English (US) | Italiano | Português (BR) | Français | Deutsch | Español | Türkçe | 日本語 | Dutch | Русский | 简体中文 | Svenska | Polski | Português | 한국어 | Dansk | Norsk | 繁體中文 | Српски | Ferencvárosi Torna Club | FC 26 | Nov 5, 2025 | In game | In real life | Coach | Former players | Related squads | Comments | Random | Transfermarkt | Next match | Nemzeti Bajnokság I 2026/2027 | Home | Paksi SE | Away | Ferencvárosi Torna Club | Venue | Paksi FC Stadion | Tactics | Build-up style | Short passing | Defensive approach | 50 | Balanced | Kits | Home kit | Away kit | Goalkeeper kit | ",Short passing,50,Balanced
2026-07-24T13:59:44+00:00,260008,51,Viktoria Plzen,viktoria plzen,110468,Viktoria Plzeň,https://api.sofifa.com/team/110468/260008/?hl=en-US,200,data/raw/sofifa/team_profiles/260008/110468.html,První liga,73,"Viktoria Plzeň - FC 26 - Nov 5, 2025 | SoFIFA",Viktoria Plzeň,72,73,71,90,3,3,€6.5M,,26,26,"Viktoria Plzeň - FC 26 - Nov 5, 2025 | SoFIFA | Players | Teams | Squads | Shortlists | Discussions | Sign in | Gender | Men | Women | Currency | € EUR | $ USD | £ GBP | Color schema | Frostbite (FIFA17 ~) | Ignite (FIFA14 ~ FIFA16) | Impact (FIFA07 ~ FIFA13) | Potential | Show | Hide | Comments | Show | Hide | View user profile in | Current tab | New tab | Dual nationality | Show | Hide | English (US) | English (US) | Italiano | Português (BR) | Français | Deutsch | Español | Türkçe | 日本語 | Dutch | Русский | 简体中文 | Svenska | Polski | Português | 한국어 | Dansk | Norsk | 繁體中文 | Српски | Viktoria Plzeň | FC 26 | Nov 5, 2025 | In game | In real life | Coach | Former players | Related squads | Comments | Random | Transfermarkt | Next match | První liga 2026/2027 | Home | Viktoria Plzeň | Away | Slovan Liberec | Venue | Doosan Aréna | Tactics | Build-up style | Short passing | Defensive approach | 90 | High | Kits | Home kit | Away kit | Goalkeeper kit | Third kit",Short passing,90,High
2026-07-24T13:59:45+00:00,260008,52,FC Midtjylland,midtjylland,1516,FC Midtjylland,https://api.sofifa.com/team/1516/260008/?hl=en-US,200,data/raw/sofifa/team_profiles/260008/1516.html,Superliga,70,"FC Midtjylland - FC 26 - Nov 5, 2025 | SoFIFA",FC Midtjylland,71,71,26,50,3,3,€10.4M,,23,26,"FC Midtjylland - FC 26 - Nov 5, 2025 | SoFIFA | Players | Teams | Squads | Shortlists | Discussions | Sign in | Gender | Men | Women | Currency | € EUR | $ USD | £ GBP | Color schema | Frostbite (FIFA17 ~) | Ignite (FIFA14 ~ FIFA16) | Impact (FIFA07 ~ FIFA13) | Potential | Show | Hide | Comments | Show | Hide | View user profile in | Current tab | New tab | Dual nationality | Show | Hide | English (US) | English (US) | Italiano | Português (BR) | Français | Deutsch | Español | Türkçe | 日本語 | Dutch | Русский | 简体中文 | Svenska | Polski | Português | 한국어 | Dansk | Norsk | 繁體中文 | Српски | FC Midtjylland | FC 26 | Nov 5, 2025 | In game | In real life | Coach | Former players | Related squads | Comments | Random | Transfermarkt | Next match | Superliga 2026/2027 | Home | Sønderjyske Fodbold | Away | FC Midtjylland | Venue | Sydbank Park | Tactics | Build-up style | Balanced | Defensive approach | 50 | Balanced | Kits | Home kit | Away kit | Goalkeeper kit | Third kit",Balanced,50,Balanced
2026-07-24T13:59:47+00:00,260008,52,PAOK Thessaloniki,paok thessaloniki,393,PAOK,https://api.sofifa.com/team/393/260008/?hl=en-US,200,data/raw/sofifa/team_profiles/260008/393.html,Super League,74,"PAOK - FC 26 - Nov 5, 2025 | SoFIFA",PAOK,74,75,74,90,5,5,€16.8M,,28,26,"PAOK - FC 26 - Nov 5, 2025 | SoFIFA | Players | Teams | Squads | Shortlists | Discussions | Sign in | Gender | Men | Women | Currency | € EUR | $ USD | £ GBP | Color schema | Frostbite (FIFA17 ~) | Ignite (FIFA14 ~ FIFA16) | Impact (FIFA07 ~ FIFA13) | Potential | Show | Hide | Comments | Show | Hide | View user profile in | Current tab | New tab | Dual nationality | Show | Hide | English (US) | English (US) | Italiano | Português (BR) | Français | Deutsch | Español | Türkçe | 日本語 | Dutch | Русский | 简体中文 | Svenska | Polski | Português | 한국어 | Dansk | Norsk | 繁體中文 | Српски | PAOK | FC 26 | Nov 5, 2025 | In game | In real life | Coach | Former players | Related squads | Comments | Random | Transfermarkt | Next match | Europa League 2026/2027 | Home | PAOK | Away | Dynamo Kyiv | Venue | Stadio Toumbas | Tactics | Build-up style | Balanced | Defensive approach | 90 | High | Kits | Home kit | Away kit | Goalkeeper kit | Third kit",Balanced,90,High
2026-07-24T13:59:49+00:00,260008,54,Union Saint-Gilloise,union saint gilloise,2014,Union Saint-Gilloise,https://api.sofifa.com/team/2014/260008/?hl=en-US,200,data/raw/sofifa/team_profiles/260008/2014.html,Pro League,71,"Union Saint-Gilloise - FC 26 - Nov 5, 2025 | SoFIFA",Union Saint-Gilloise,74,74,73,50,5,5,€14M,,24,26,"Union Saint-Gilloise - FC 26 - Nov 5, 2025 | SoFIFA | Players | Teams | Squads | Shortlists | Discussions | Sign in | Gender | Men | Women | Currency | € EUR | $ USD | £ GBP | Color schema | Frostbite (FIFA17 ~) | Ignite (FIFA14 ~ FIFA16) | Impact (FIFA07 ~ FIFA13) | Potential | Show | Hide | Comments | Show | Hide | View user profile in | Current tab | New tab | Dual nationality | Show | Hide | English (US) | English (US) | Italiano | Português (BR) | Français | Deutsch | Español | Türkçe | 日本語 | Dutch | Русский | 简体中文 | Svenska | Polski | Português | 한국어 | Dansk | Norsk | 繁體中文 | Српски | Union Saint-Gilloise | FC 26 | Nov 5, 2025 | In game | In real life | Coach | Former players | Related squads | Comments | Random | Transfermarkt | Next match | Club Friendlies 3 2026 | Home | Union Saint-Gilloise | Away | Lille OSC | Venue | Stade Joseph Mariën | Tactics | Build-up style | Balanced | Defensive approach | 50 | Balanced | Kits | Home kit | Away kit | Goalkeeper kit | Third kit",Balanced,50,Balanced
2026-07-24T13:59:50+00:00,260008,55,Dinamo Zagreb,dinamo zagreb,211,Dinamo Zagreb,https://api.sofifa.com/team/211/260008/?hl=en-US,200,data/raw/sofifa/team_profiles/260008/211.html,Hrvatska nogometna liga,71,"Dinamo Zagreb - FC 26 - Nov 5, 2025 | SoFIFA",Dinamo Zagreb,72,70,71,50,6,6,€8.4M,,25,26,"Dinamo Zagreb - FC 26 - Nov 5, 2025 | SoFIFA | Players | Teams | Squads | Shortlists | Discussions | Sign in | Gender | Men | Women | Currency | € EUR | $ USD | £ GBP | Color schema | Frostbite (FIFA17 ~) | Ignite (FIFA14 ~ FIFA16) | Impact (FIFA07 ~ FIFA13) | Potential | Show | Hide | Comments | Show | Hide | View user profile in | Current tab | New tab | Dual nationality | Show | Hide | English (US) | English (US) | Italiano | Português (BR) | Français | Deutsch | Español | Türkçe | 日本語 | Dutch | Русский | 简体中文 | Svenska | Polski | Português | 한국어 | Dansk | Norsk | 繁體中文 | Српски | Dinamo Zagreb | FC 26 | Nov 5, 2025 | In game | In real life | Coach | Former players | Related squads | Comments | Random | Transfermarkt | Next match | Champions League 2026/2027 | Home | Dinamo Zagreb | Away | FC Thun | Venue | Stadion Maksimir | Tactics | Build-up style | Counter | Defensive approach | 50 | Balanced | Kits | Home kit | Away kit | Goalkeeper kit | Third kit",Counter,50,Balanced
2026-07-24T13:59:52+00:00,260008,57,FC Salzburg,salzburg,191,FC Red Bull Salzburg,https://api.sofifa.com/team/191/260008/?hl=en-US,200,data/raw/sofifa/team_profiles/260008/191.html,Bundesliga,71,"FC Red Bull Salzburg - FC 26 - Nov 5, 2025 | SoFIFA",FC Red Bull Salzburg,70,69,70,90,6,6,€20M,,23,26,"FC Red Bull Salzburg - FC 26 - Nov 5, 2025 | SoFIFA | Players | Teams | Squads | Shortlists | Discussions | Sign in | Gender | Men | Women | Currency | € EUR | $ USD | £ GBP | Color schema | Frostbite (FIFA17 ~) | Ignite (FIFA14 ~ FIFA16) | Impact (FIFA07 ~ FIFA13) | Potential | Show | Hide | Comments | Show | Hide | View user profile in | Current tab | New tab | Dual nationality | Show | Hide | English (US) | English (US) | Italiano | Português (BR) | Français | Deutsch | Español | Türkçe | 日本語 | Dutch | Русский | 简体中文 | Svenska | Polski | Português | 한국어 | Dansk | Norsk | 繁體中文 | Српски | FC Red Bull Salzburg | FC 26 | Nov 5, 2025 | In game | In real life | Coach | Former players | Related squads | Comments | Random | Transfermarkt | Next match | Austrian Cup 2026/2027 | Home | Oberwart | Away | FC Red Bull Salzburg | Venue | Informstadion | Tactics | Build-up style | Balanced | Defensive approach | 90 | High | Kits | Home kit | Away kit | Goalkeeper kit | Third kit",Balanced,90,High
2026-07-24T13:59:54+00:00,260008,58,Celtic,celtic,78,Celtic,https://api.sofifa.com/team/78/260008/?hl=en-US,200,data/raw/sofifa/team_profiles/260008/78.html,Premiership,75,"Celtic - FC 26 - Nov 5, 2025 | SoFIFA",Celtic,75,74,75,90,6,6,€16.8M,,26,26,"Celtic - FC 26 - Nov 5, 2025 | SoFIFA | Players | Teams | Squads | Shortlists | Discussions | Sign in | Gender | Men | Women | Currency | € EUR | $ USD | £ GBP | Color schema | Frostbite (FIFA17 ~) | Ignite (FIFA14 ~ FIFA16) | Impact (FIFA07 ~ FIFA13) | Potential | Show | Hide | Comments | Show | Hide | View user profile in | Current tab | New tab | Dual nationality | Show | Hide | English (US) | English (US) | Italiano | Português (BR) | Français | Deutsch | Español | Türkçe | 日本語 | Dutch | Русский | 简体中文 | Svenska | Polski | Português | 한국어 | Dansk | Norsk | 繁體中文 | Српски | Celtic | FC 26 | Nov 5, 2025 | In game | In real life | Coach | Former players | Related squads | Comments | Random | Transfermarkt | Next match | Club Friendlies 1 2026 | Home | Celtic | Away | AC Milan | Venue | Celtic Park | Tactics | Build-up style | Balanced | Defensive approach | 90 | High | Kits | Home kit | Away kit | Goalkeeper kit | Third kit",Balanced,90,High
2026-07-24T13:59:55+00:00,260008,58,Slavia Praha,slavia prague,266,SK Slavia Praha,https://api.sofifa.com/team/266/260008/?hl=en-US,200,data/raw/sofifa/team_profiles/260008/266.html,První liga,74,"SK Slavia Praha - FC 26 - Nov 5, 2025 | SoFIFA",SK Slavia Praha,75,74,75,50,4,4,€10.5M,,26,26,"SK Slavia Praha - FC 26 - Nov 5, 2025 | SoFIFA | Players | Teams | Squads | Shortlists | Discussions | Sign in | Gender | Men | Women | Currency | € EUR | $ USD | £ GBP | Color schema | Frostbite (FIFA17 ~) | Ignite (FIFA14 ~ FIFA16) | Impact (FIFA07 ~ FIFA13) | Potential | Show | Hide | Comments | Show | Hide | View user profile in | Current tab | New tab | Dual nationality | Show | Hide | English (US) | English (US) | Italiano | Português (BR) | Français | Deutsch | Español | Türkçe | 日本語 | Dutch | Русский | 简体中文 | Svenska | Polski | Português | 한국어 | Dansk | Norsk | 繁體中文 | Српски | SK Slavia Praha | FC 26 | Nov 5, 2025 | In game | In real life | Coach | Former players | Related squads | Comments | Random | Transfermarkt | Next match | První liga 2026/2027 | Home | SK Slavia Praha | Away | 1.FC Slovácko | Venue | Fortuna Arena | Tactics | Build-up style | Short passing | Defensive approach | 50 | Balanced | Kits | Home kit | Away kit | Goalkeeper kit | Third kit",Short passing,50,Balanced
2026-07-24T13:59:57+00:00,260008,60,Qarabag FK,qarabag,113888,Qarabağ FK,https://api.sofifa.com/team/113888/260008/?hl=en-US,200,data/raw/sofifa/team_profiles/260008/113888.html,Premyer Liqa,69,"Qarabağ FK - FC 26 - Nov 5, 2025 | SoFIFA",Qarabağ FK,69,67,69,50,3,3,€4.7M,,27,26,"Qarabağ FK - FC 26 - Nov 5, 2025 | SoFIFA | Players | Teams | Squads | Shortlists | Discussions | Sign in | Gender | Men | Women | Currency | € EUR | $ USD | £ GBP | Color schema | Frostbite (FIFA17 ~) | Ignite (FIFA14 ~ FIFA16) | Impact (FIFA07 ~ FIFA13) | Potential | Show | Hide | Comments | Show | Hide | View user profile in | Current tab | New tab | Dual nationality | Show | Hide | English (US) | English (US) | Italiano | Português (BR) | Français | Deutsch | Español | Türkçe | 日本語 | Dutch | Русский | 简体中文 | Svenska | Polski | Português | 한국어 | Dansk | Norsk | 繁體中文 | Српски | Qarabağ FK | FC 26 | Nov 5, 2025 | In game | In real life | Coach | Former players | Related squads | Comments | Random | Transfermarkt | Next match | Europa League 2026/2027 | Home | CSKA Sofia | Away | Qarabağ FK | Venue | Stadion Bâlgarska Armija | Tactics | Build-up style | Short passing | Defensive approach | 50 | Balanced | Kits | Home kit | Away kit | Goalkeeper kit | Third kit",Short passing,50,Balanced
2026-07-24T13:59:59+00:00,260008,61,AA Gent,gent,674,KAA Gent,https://api.sofifa.com/team/674/260008/?hl=en-US,200,data/raw/sofifa/team_profiles/260008/674.html,Pro League,71,"KAA Gent - FC 26 - Nov 5, 2025 | SoFIFA",KAA Gent,70,70,70,30,5,5,€15.6M,,24,26,"KAA Gent - FC 26 - Nov 5, 2025 | SoFIFA | Players | Teams | Squads | Shortlists | Discussions | Sign in | Gender | Men | Women | Currency | € EUR | $ USD | £ GBP | Color schema | Frostbite (FIFA17 ~) | Ignite (FIFA14 ~ FIFA16) | Impact (FIFA07 ~ FIFA13) | Potential | Show | Hide | Comments | Show | Hide | View user profile in | Current tab | New tab | Dual nationality | Show | Hide | English (US) | English (US) | Italiano | Português (BR) | Français | Deutsch | Español | Türkçe | 日本語 | Dutch | Русский | 简体中文 | Svenska | Polski | Português | 한국어 | Dansk | Norsk | 繁體中文 | Српски | KAA Gent | FC 26 | Nov 5, 2025 | In game | In real life | Coach | Former players | Related squads | Comments | Random | Transfermarkt | Next match | Europa Conference League 2026/2027 | Home | KAA Gent | Away | LNZ Cherkasy | Venue | Planet Group Arena | Tactics | Build-up style | Balanced | Defensive approach | 30 | Deep | Kits | Home kit | Away kit | Goalkeeper kit | Third kit",Balanced,30,Deep
2026-07-24T14:00:01+00:00,260008,61,Sevilla,sevilla,481,Sevilla FC,https://api.sofifa.com/team/481/260008/?hl=en-US,200,data/raw/sofifa/team_profiles/260008/481.html,La Liga,76,"Sevilla FC - FC 26 - Nov 5, 2025 | SoFIFA",Sevilla FC,75,75,76,50,8,8,€32M,,26,26,"Sevilla FC - FC 26 - Nov 5, 2025 | SoFIFA | Players | Teams | Squads | Shortlists | Discussions | Sign in | Gender | Men | Women | Currency | € EUR | $ USD | £ GBP | Color schema | Frostbite (FIFA17 ~) | Ignite (FIFA14 ~ FIFA16) | Impact (FIFA07 ~ FIFA13) | Potential | Show | Hide | Comments | Show | Hide | View user profile in | Current tab | New tab | Dual nationality | Show | Hide | English (US) | English (US) | Italiano | Português (BR) | Français | Deutsch | Español | Türkçe | 日本語 | Dutch | Русский | 简体中文 | Svenska | Polski | Português | 한국어 | Dansk | Norsk | 繁體中文 | Српски | Sevilla FC | FC 26 | Nov 5, 2025 | In game | In real life | Coach | Former players | Related squads | Comments | Random | Transfermarkt | Next match | Club Friendlies 3 2026 | Home | Sevilla FC | Away | AD Ceuta FC | Venue | Estadio Ramón Sánchez Pizjuán | Tactics | Build-up style | Counter | Defensive approach | 50 | Balanced | Kits | Home kit | Away kit | Goalkeeper kit | Third kit",Counter,50,Balanced
2026-07-24T14:00:02+00:00,260008,63,Athletic Bilbao,athletic bilbao,448,Athletic Club,https://api.sofifa.com/team/448/260008/?hl=en-US,200,data/raw/sofifa/team_profiles/260008/448.html,La Liga,80,"Athletic Club - FC 26 - Nov 5, 2025 | SoFIFA",Athletic Club,80,78,81,65,5,5,€49.7M,,27,26,"Athletic Club - FC 26 - Nov 5, 2025 | SoFIFA | Players | Teams | Squads | Shortlists | Discussions | Sign in | Gender | Men | Women | Currency | € EUR | $ USD | £ GBP | Color schema | Frostbite (FIFA17 ~) | Ignite (FIFA14 ~ FIFA16) | Impact (FIFA07 ~ FIFA13) | Potential | Show | Hide | Comments | Show | Hide | View user profile in | Current tab | New tab | Dual nationality | Show | Hide | English (US) | English (US) | Italiano | Português (BR) | Français | Deutsch | Español | Türkçe | 日本語 | Dutch | Русский | 简体中文 | Svenska | Polski | Português | 한국어 | Dansk | Norsk | 繁體中文 | Српски | Athletic Club | FC 26 | Nov 5, 2025 | In game | In real life | Coach | Former players | Related squads | Comments | Random | Transfermarkt | Next match | Club Friendlies 3 2026 | Home | Athletic Club | Away | SD Eibar | Venue | San Mamés Barria | Tactics | Build-up style | Short passing | Defensive approach | 65 | High | Kits | Home kit | Away kit | Goalkeeper kit | Third kit",Short passing,65,High
2026-07-24T14:00:04+00:00,260008,64,Sparta Praha,sparta praha,267,Sparta Praha,https://api.sofifa.com/team/267/260008/?hl=en-US,200,data/raw/sofifa/team_profiles/260008/267.html,První liga,74,"Sparta Praha - FC 26 - Nov 5, 2025 | SoFIFA",Sparta Praha,73,75,74,50,4,4,€9.4M,,27,26,"Sparta Praha - FC 26 - Nov 5, 2025 | SoFIFA | Players | Teams | Squads | Shortlists | Discussions | Sign in | Gender | Men | Women | Currency | € EUR | $ USD | £ GBP | Color schema | Frostbite (FIFA17 ~) | Ignite (FIFA14 ~ FIFA16) | Impact (FIFA07 ~ FIFA13) | Potential | Show | Hide | Comments | Show | Hide | View user profile in | Current tab | New tab | Dual nationality | Show | Hide | English (US) | English (US) | Italiano | Português (BR) | Français | Deutsch | Español | Türkçe | 日本語 | Dutch | Русский | 简体中文 | Svenska | Polski | Português | 한국어 | Dansk | Norsk | 繁體中文 | Српски | Sparta Praha | FC 26 | Nov 5, 2025 | In game | In real life | Coach | Former players | Related squads | Comments | Random | Transfermarkt | Next match | První liga 2026/2027 | Home | FC Zbrojovka Brno | Away | Sparta Praha | Venue | Městský fotbalový stadion Srbská | Tactics | Build-up style | Short passing | Defensive approach | 50 | Balanced | Kits | Home kit | Away kit | Goalkeeper kit | Third kit",Short passing,50,Balanced
2026-07-24T14:00:06+00:00,260008,66,Stade Rennais,stade rennais,74,Stade Rennais FC,https://api.sofifa.com/team/74/260008/?hl=en-US,200,data/raw/sofifa/team_profiles/260008/74.html,Ligue 1,76,"Stade Rennais FC - FC 26 - Nov 5, 2025 | SoFIFA",Stade Rennais FC,76,74,76,65,4,4,€15.7M,,24,26,"Stade Rennais FC - FC 26 - Nov 5, 2025 | SoFIFA | Players | Teams | Squads | Shortlists | Discussions | Sign in | Gender | Men | Women | Currency | € EUR | $ USD | £ GBP | Color schema | Frostbite (FIFA17 ~) | Ignite (FIFA14 ~ FIFA16) | Impact (FIFA07 ~ FIFA13) | Potential | Show | Hide | Comments | Show | Hide | View user profile in | Current tab | New tab | Dual nationality | Show | Hide | English (US) | English (US) | Italiano | Português (BR) | Français | Deutsch | Español | Türkçe | 日本語 | Dutch | Русский | 简体中文 | Svenska | Polski | Português | 한국어 | Dansk | Norsk | 繁體中文 | Српски | Stade Rennais FC | FC 26 | Nov 5, 2025 | In game | In real life | Coach | Former players | Related squads | Comments | Random | Transfermarkt | Next match | Club Friendlies 3 2026 | Home | Stade Rennais FC | Away | Club Brugge KV | Venue | Roazhon Park | Tactics | Build-up style | Balanced | Defensive approach | 65 | High | Kits | Home kit | Away kit | Goalkeeper kit | Third kit",Balanced,65,High
2026-07-24T14:00:08+00:00,260008,67,FC Basel,basel,896,FC Basel 1893,https://api.sofifa.com/team/896/260008/?hl=en-US,200,data/raw/sofifa/team_profiles/260008/896.html,Super League,70,"FC Basel 1893 - FC 26 - Nov 5, 2025 | SoFIFA",FC Basel 1893,71,69,72,50,7,7,€8.8M,,70,26,"FC Basel 1893 - FC 26 - Nov 5, 2025 | SoFIFA | Players | Teams | Squads | Shortlists | Discussions | Sign in | Gender | Men | Women | Currency | € EUR | $ USD | £ GBP | Color schema | Frostbite (FIFA17 ~) | Ignite (FIFA14 ~ FIFA16) | Impact (FIFA07 ~ FIFA13) | Potential | Show | Hide | Comments | Show | Hide | View user profile in | Current tab | New tab | Dual nationality | Show | Hide | English (US) | English (US) | Italiano | Português (BR) | Français | Deutsch | Español | Türkçe | 日本語 | Dutch | Русский | 简体中文 | Svenska | Polski | Português | 한국어 | Dansk | Norsk | 繁體中文 | Српски | FC Basel 1893 | FC 26 | Nov 5, 2025 | In game | In real life | Coach | Former players | Related squads | Comments | Random | Transfermarkt | Next match | Super League 2026/2027 | Home | Servette FC | Away | FC Basel 1893 | Venue | Stade de Genève | Tactics | Build-up style | Balanced | Defensive approach | 50 | Balanced | Kits | Home kit | Away kit | Goalkeeper kit | Third kit",Balanced,50,Balanced
2026-07-24T14:00:09+00:00,260008,68,Legia Warsaw,legia warsaw,1871,Legia Warszawa,https://api.sofifa.com/team/1871/260008/?hl=en-US,200,data/raw/sofifa/team_profiles/260008/1871.html,Ekstraklasa,68,"Legia Warszawa - FC 26 - Nov 5, 2025 | SoFIFA",Legia Warszawa,69,69,70,90,4,4,€3.9M,,15,26,"Legia Warszawa - FC 26 - Nov 5, 2025 | SoFIFA | Players | Teams | Squads | Shortlists | Discussions | Sign in | Gender | Men | Women | Currency | € EUR | $ USD | £ GBP | Color schema | Frostbite (FIFA17 ~) | Ignite (FIFA14 ~ FIFA16) | Impact (FIFA07 ~ FIFA13) | Potential | Show | Hide | Comments | Show | Hide | View user profile in | Current tab | New tab | Dual nationality | Show | Hide | English (US) | English (US) | Italiano | Português (BR) | Français | Deutsch | Español | Türkçe | 日本語 | Dutch | Русский | 简体中文 | Svenska | Polski | Português | 한국어 | Dansk | Norsk | 繁體中文 | Српски | Legia Warszawa | FC 26 | Nov 5, 2025 | In game | In real life | Coach | Former players | Related squads | Comments | Random | Transfermarkt | Next match | Ekstraklasa 2026/2027 | Home | Pogoń Szczecin | Away | Legia Warszawa | Venue | Stadion Miejski im. Floriana Krygiera | Tactics | Build-up style | Balanced | Defensive approach | 90 | High | Kits | Home kit | Away kit | Goalkeeper kit | Third kit",Balanced,90,High
2026-07-24T14:00:11+00:00,260008,70,Djurgårdens IF,djurgardens if,710,Djurgårdens IF,https://api.sofifa.com/team/710/260008/?hl=en-US,200,data/raw/sofifa/team_profiles/260008/710.html,Allsvenskan,67,"Djurgårdens IF - FC 26 - Nov 5, 2025 | SoFIFA",Djurgårdens IF,68,68,68,65,3,3,€6.7M,,26,26,"Djurgårdens IF - FC 26 - Nov 5, 2025 | SoFIFA | Players | Teams | Squads | Shortlists | Discussions | Sign in | Gender | Men | Women | Currency | € EUR | $ USD | £ GBP | Color schema | Frostbite (FIFA17 ~) | Ignite (FIFA14 ~ FIFA16) | Impact (FIFA07 ~ FIFA13) | Potential | Show | Hide | Comments | Show | Hide | View user profile in | Current tab | New tab | Dual nationality | Show | Hide | English (US) | English (US) | Italiano | Português (BR) | Français | Deutsch | Español | Türkçe | 日本語 | Dutch | Русский | 简体中文 | Svenska | Polski | Português | 한국어 | Dansk | Norsk | 繁體中文 | Српски | Djurgårdens IF | FC 26 | Nov 5, 2025 | In game | In real life | Coach | Former players | Related squads | Comments | Random | Transfermarkt | Next match | Allsvenskan 2026 | Home | Degerfors IF | Away | Djurgårdens IF | Venue | Stora Valla | Tactics | Build-up style | Balanced | Defensive approach | 65 | High | Kits | Home kit | Away kit | Goalkeeper kit | Third kit",Balanced,65,High
2026-07-24T14:00:13+00:00,260008,71,Bologna,bologna,189,Bologna,https://api.sofifa.com/team/189/260008/?hl=en-US,200,data/raw/sofifa/team_profiles/260008/189.html,Serie A,76,"Bologna - FC 26 - Nov 5, 2025 | SoFIFA",Bologna,76,76,77,65,5,5,€38.9M,,27,26,"Bologna - FC 26 - Nov 5, 2025 | SoFIFA | Players | Teams | Squads | Shortlists | Discussions | Sign in | Gender | Men | Women | Currency | € EUR | $ USD | £ GBP | Color schema | Frostbite (FIFA17 ~) | Ignite (FIFA14 ~ FIFA16) | Impact (FIFA07 ~ FIFA13) | Potential | Show | Hide | Comments | Show | Hide | View user profile in | Current tab | New tab | Dual nationality | Show | Hide | English (US) | English (US) | Italiano | Português (BR) | Français | Deutsch | Español | Türkçe | 日本語 | Dutch | Русский | 简体中文 | Svenska | Polski | Português | 한국어 | Dansk | Norsk | 繁體中文 | Српски | Bologna | FC 26 | Nov 5, 2025 | In game | In real life | Coach | Former players | Related squads | Comments | Random | Transfermarkt | Next match | Club Friendlies 3 2026 | Home | Bologna | Away | Iraklis 1908 U19 | Venue | Stadio Renato Dall'Ara | Tactics | Build-up style | Balanced | Defensive approach | 65 | High | Kits | Home kit | Away kit | Goalkeeper kit | Third kit",Balanced,65,High
2026-07-24T14:00:15+00:00,260008,71,Anderlecht,anderlecht,229,RSC Anderlecht,https://api.sofifa.com/team/229/260008/?hl=en-US,200,data/raw/sofifa/team_profiles/260008/229.html,Pro League,73,"RSC Anderlecht - FC 26 - Nov 5, 2025 | SoFIFA",RSC Anderlecht,71,74,70,90,5,5,€21.7M,,24,26,"RSC Anderlecht - FC 26 - Nov 5, 2025 | SoFIFA | Players | Teams | Squads | Shortlists | Discussions | Sign in | Gender | Men | Women | Currency | € EUR | $ USD | £ GBP | Color schema | Frostbite (FIFA17 ~) | Ignite (FIFA14 ~ FIFA16) | Impact (FIFA07 ~ FIFA13) | Potential | Show | Hide | Comments | Show | Hide | View user profile in | Current tab | New tab | Dual nationality | Show | Hide | English (US) | English (US) | Italiano | Português (BR) | Français | Deutsch | Español | Türkçe | 日本語 | Dutch | Русский | 简体中文 | Svenska | Polski | Português | 한국어 | Dansk | Norsk | 繁體中文 | Српски | RSC Anderlecht | FC 26 | Nov 5, 2025 | In game | In real life | Coach | Former players | Related squads | Comments | Random | Transfermarkt | Next match | Europa League 2026/2027 | Home | RSC Anderlecht | Away | Hammarby Fotboll | Venue | Lotto Park | Tactics | Build-up style | Balanced | Defensive approach | 90 | High | Kits | Home kit | Away kit | Goalkeeper kit | Third kit",Balanced,90,High
2026-07-24T14:00:17+00:00,260008,73,Newcastle United,newcastle united,13,Newcastle United,https://api.sofifa.com/team/13/260008/?hl=en-US,200,data/raw/sofifa/team_profiles/260008/13.html,Premier League,81,"Newcastle United - FC 26 - Nov 5, 2025 | SoFIFA",Newcastle United,81,81,84,50,8,8,€97.2M,,27,26,"Newcastle United - FC 26 - Nov 5, 2025 | SoFIFA | Players | Teams | Squads | Shortlists | Discussions | Sign in | Gender | Men | Women | Currency | € EUR | $ USD | £ GBP | Color schema | Frostbite (FIFA17 ~) | Ignite (FIFA14 ~ FIFA16) | Impact (FIFA07 ~ FIFA13) | Potential | Show | Hide | Comments | Show | Hide | View user profile in | Current tab | New tab | Dual nationality | Show | Hide | English (US) | English (US) | Italiano | Português (BR) | Français | Deutsch | Español | Türkçe | 日本語 | Dutch | Русский | 简体中文 | Svenska | Polski | Português | 한국어 | Dansk | Norsk | 繁體中文 | Српски | Newcastle United | FC 26 | Nov 5, 2025 | In game | In real life | Coach | Former players | Related squads | Comments | Random | Transfermarkt | Next match | Club Friendlies 3 2026 | Home | Gateshead | Away | Newcastle United | Venue | Gateshead International Stadium | Tactics | Build-up style | Short passing | Defensive approach | 50 | Balanced | Kits | Home kit | Away kit | Goalkeeper kit | Third kit",Short passing,50,Balanced
2026-07-24T14:00:19+00:00,260008,73,Rapid Wien,rapid wien,254,SK Rapid,https://api.sofifa.com/team/254/260008/?hl=en-US,200,data/raw/sofifa/team_profiles/260008/254.html,Bundesliga,69,"SK Rapid - FC 26 - Nov 5, 2025 | SoFIFA",SK Rapid,69,67,69,50,6,6,€7.7M,,24,26,"SK Rapid - FC 26 - Nov 5, 2025 | SoFIFA | Players | Teams | Squads | Shortlists | Discussions | Sign in | Gender | Men | Women | Currency | € EUR | $ USD | £ GBP | Color schema | Frostbite (FIFA17 ~) | Ignite (FIFA14 ~ FIFA16) | Impact (FIFA07 ~ FIFA13) | Potential | Show | Hide | Comments | Show | Hide | View user profile in | Current tab | New tab | Dual nationality | Show | Hide | English (US) | English (US) | Italiano | Português (BR) | Français | Deutsch | Español | Türkçe | 日本語 | Dutch | Русский | 简体中文 | Svenska | Polski | Português | 한국어 | Dansk | Norsk | 繁體中文 | Српски | SK Rapid | FC 26 | Nov 5, 2025 | In game | In real life | Coach | Former players | Related squads | Comments | Random | Transfermarkt | Next match | Austrian Cup 2026/2027 | Home | Wienerberg | Away | SK Rapid | Venue | Sportplatz Wienerberg | Tactics | Build-up style | Balanced | Defensive approach | 50 | Balanced | Kits | Home kit | Away kit | Goalkeeper kit | Third kit",Balanced,50,Balanced
2026-07-24T14:00:20+00:00,260008,75,Young Boys,young boys,900,BSC Young Boys,https://api.sofifa.com/team/900/260008/?hl=en-US,200,data/raw/sofifa/team_profiles/260008/900.html,Super League,70,"BSC Young Boys - FC 26 - Nov 5, 2025 | SoFIFA",BSC Young Boys,70,70,71,50,6,6,€9.7M,,81,26,"BSC Young Boys - FC 26 - Nov 5, 2025 | SoFIFA | Players | Teams | Squads | Shortlists | Discussions | Sign in | Gender | Men | Women | Currency | € EUR | $ USD | £ GBP | Color schema | Frostbite (FIFA17 ~) | Ignite (FIFA14 ~ FIFA16) | Impact (FIFA07 ~ FIFA13) | Potential | Show | Hide | Comments | Show | Hide | View user profile in | Current tab | New tab | Dual nationality | Show | Hide | English (US) | English (US) | Italiano | Português (BR) | Français | Deutsch | Español | Türkçe | 日本語 | Dutch | Русский | 简体中文 | Svenska | Polski | Português | 한국어 | Dansk | Norsk | 繁體中文 | Српски | BSC Young Boys | FC 26 | Nov 5, 2025 | In game | In real life | Coach | Former players | Related squads | Comments | Random | Transfermarkt | Next match | Super League 2026/2027 | Home | BSC Young Boys | Away | FC Sion | Venue | Stadion Wankdorf (Bern) | Tactics | Build-up style | Counter | Defensive approach | 50 | Balanced | Kits | Home kit | Away kit | Goalkeeper kit | Third kit",Counter,50,Balanced
2026-07-24T14:00:22+00:00,260008,76,Panathinaikos,panathinaikos,1884,Panathinaikos FC,https://api.sofifa.com/team/1884/260008/?hl=en-US,200,data/raw/sofifa/team_profiles/260008/1884.html,Super League,74,"Panathinaikos FC - FC 26 - Nov 5, 2025 | SoFIFA",Panathinaikos FC,74,73,74,50,5,5,€7.6M,,29,26,"Panathinaikos FC - FC 26 - Nov 5, 2025 | SoFIFA | Players | Teams | Squads | Shortlists | Discussions | Sign in | Gender | Men | Women | Currency | € EUR | $ USD | £ GBP | Color schema | Frostbite (FIFA17 ~) | Ignite (FIFA14 ~ FIFA16) | Impact (FIFA07 ~ FIFA13) | Potential | Show | Hide | Comments | Show | Hide | View user profile in | Current tab | New tab | Dual nationality | Show | Hide | English (US) | English (US) | Italiano | Português (BR) | Français | Deutsch | Español | Türkçe | 日本語 | Dutch | Русский | 简体中文 | Svenska | Polski | Português | 한국어 | Dansk | Norsk | 繁體中文 | Српски | Panathinaikos FC | FC 26 | Nov 5, 2025 | In game | In real life | Coach | Former players | Related squads | Comments | Random | Transfermarkt | Next match | Europa Conference League 2026/2027 | Home | Panathinaikos FC | Away | Paksi SE | Venue | Olympiako Stadio Spyros Louis | Tactics | Build-up style | Counter | Defensive approach | 50 | Balanced | Kits | Home kit | Away kit | Goalkeeper kit | Third kit",Counter,50,Balanced
2026-07-24T14:00:24+00:00,260008,77,Racing Genk,genk,673,KRC Genk,https://api.sofifa.com/team/673/260008/?hl=en-US,200,data/raw/sofifa/team_profiles/260008/673.html,Pro League,72,"KRC Genk - FC 26 - Nov 5, 2025 | SoFIFA",KRC Genk,73,72,73,50,5,5,€20.3M,,24,26,"KRC Genk - FC 26 - Nov 5, 2025 | SoFIFA | Players | Teams | Squads | Shortlists | Discussions | Sign in | Gender | Men | Women | Currency | € EUR | $ USD | £ GBP | Color schema | Frostbite (FIFA17 ~) | Ignite (FIFA14 ~ FIFA16) | Impact (FIFA07 ~ FIFA13) | Potential | Show | Hide | Comments | Show | Hide | View user profile in | Current tab | New tab | Dual nationality | Show | Hide | English (US) | English (US) | Italiano | Português (BR) | Français | Deutsch | Español | Türkçe | 日本語 | Dutch | Русский | 简体中文 | Svenska | Polski | Português | 한국어 | Dansk | Norsk | 繁體中文 | Српски | KRC Genk | FC 26 | Nov 5, 2025 | In game | In real life | Coach | Former players | Related squads | Comments | Random | Transfermarkt | Next match | Club Friendlies 3 2026 | Home | Bayer 04 Leverkusen | Away | KRC Genk | Venue | BayArena | Tactics | Build-up style | Balanced | Defensive approach | 50 | Balanced | Kits | Home kit | Away kit | Goalkeeper kit | Third kit",Balanced,50,Balanced
2026-07-24T14:00:26+00:00,260008,79,Sturm Graz,sturm graz,209,SK Sturm Graz,https://api.sofifa.com/team/209/260008/?hl=en-US,200,data/raw/sofifa/team_profiles/260008/209.html,Bundesliga,69,"SK Sturm Graz - FC 26 - Nov 5, 2025 | SoFIFA",SK Sturm Graz,68,67,71,90,5,5,€10.5M,,24,26,"SK Sturm Graz - FC 26 - Nov 5, 2025 | SoFIFA | Players | Teams | Squads | Shortlists | Discussions | Sign in | Gender | Men | Women | Currency | € EUR | $ USD | £ GBP | Color schema | Frostbite (FIFA17 ~) | Ignite (FIFA14 ~ FIFA16) | Impact (FIFA07 ~ FIFA13) | Potential | Show | Hide | Comments | Show | Hide | View user profile in | Current tab | New tab | Dual nationality | Show | Hide | English (US) | English (US) | Italiano | Português (BR) | Français | Deutsch | Español | Türkçe | 日本語 | Dutch | Русский | 简体中文 | Svenska | Polski | Português | 한국어 | Dansk | Norsk | 繁體中文 | Српски | SK Sturm Graz | FC 26 | Nov 5, 2025 | In game | In real life | Coach | Former players | Related squads | Comments | Random | Transfermarkt | Next match | Austrian Cup 2026/2027 | Home | Seekirchen | Away | SK Sturm Graz | Venue | Sportzentrum Seekirchen | Tactics | Build-up style | Short passing | Defensive approach | 90 | High | Kits | Home kit | Away kit | Goalkeeper kit | Third kit",Short passing,90,High
2026-07-24T14:00:27+00:00,260008,80,VfB Stuttgart,stuttgart,36,VfB Stuttgart,https://api.sofifa.com/team/36/260008/?hl=en-US,200,data/raw/sofifa/team_profiles/260008/36.html,Bundesliga,77,"VfB Stuttgart - FC 26 - Nov 5, 2025 | SoFIFA",VfB Stuttgart,77,78,77,90,5,5,€27.7M,,25,26,"VfB Stuttgart - FC 26 - Nov 5, 2025 | SoFIFA | Players | Teams | Squads | Shortlists | Discussions | Sign in | Gender | Men | Women | Currency | € EUR | $ USD | £ GBP | Color schema | Frostbite (FIFA17 ~) | Ignite (FIFA14 ~ FIFA16) | Impact (FIFA07 ~ FIFA13) | Potential | Show | Hide | Comments | Show | Hide | View user profile in | Current tab | New tab | Dual nationality | Show | Hide | English (US) | English (US) | Italiano | Português (BR) | Français | Deutsch | Español | Türkçe | 日本語 | Dutch | Русский | 简体中文 | Svenska | Polski | Português | 한국어 | Dansk | Norsk | 繁體中文 | Српски | VfB Stuttgart | FC 26 | Nov 5, 2025 | In game | In real life | Coach | Former players | Related squads | Comments | Random | Transfermarkt | Next match | Club Friendlies 3 2026 | Home | Hollenbach | Away | VfB Stuttgart | Venue | Tactics | Build-up style | Balanced | Defensive approach | 90 | High | Kits | Home kit | Away kit | Goalkeeper kit | Third kit | VfB Stuttgart",Balanced,90,High
2026-07-24T14:00:29+00:00,260008,81,Lech Poznan,lech poznan,873,Lech Poznań,https://api.sofifa.com/team/873/260008/?hl=en-US,200,data/raw/sofifa/team_profiles/260008/873.html,Ekstraklasa,69,"Lech Poznań - FC 26 - Nov 5, 2025 | SoFIFA",Lech Poznań,70,72,68,50,4,4,€5.2M,,16,26,"Lech Poznań - FC 26 - Nov 5, 2025 | SoFIFA | Players | Teams | Squads | Shortlists | Discussions | Sign in | Gender | Men | Women | Currency | € EUR | $ USD | £ GBP | Color schema | Frostbite (FIFA17 ~) | Ignite (FIFA14 ~ FIFA16) | Impact (FIFA07 ~ FIFA13) | Potential | Show | Hide | Comments | Show | Hide | View user profile in | Current tab | New tab | Dual nationality | Show | Hide | English (US) | English (US) | Italiano | Português (BR) | Français | Deutsch | Español | Türkçe | 日本語 | Dutch | Русский | 简体中文 | Svenska | Polski | Português | 한국어 | Dansk | Norsk | 繁體中文 | Српски | Lech Poznań | FC 26 | Nov 5, 2025 | In game | In real life | Coach | Former players | Related squads | Comments | Random | Transfermarkt | Next match | Ekstraklasa 2026/2027 | Home | Lech Poznań | Away | Cracovia | Venue | Enea stadion | Tactics | Build-up style | Balanced | Defensive approach | 50 | Balanced | Kits | Home kit | Away kit | Goalkeeper kit | Third kit",Balanced,50,Balanced
2026-07-24T14:00:31+00:00,260008,82,FCSB,fcsb,100761,FCSB,https://api.sofifa.com/team/100761/260008/?hl=en-US,200,data/raw/sofifa/team_profiles/260008/100761.html,Liga I,69,"FCSB - FC 26 - Nov 5, 2025 | SoFIFA",FCSB,69,69,70,30,4,4,€5.4M,,27,26,"FCSB - FC 26 - Nov 5, 2025 | SoFIFA | Players | Teams | Squads | Shortlists | Discussions | Sign in | Gender | Men | Women | Currency | € EUR | $ USD | £ GBP | Color schema | Frostbite (FIFA17 ~) | Ignite (FIFA14 ~ FIFA16) | Impact (FIFA07 ~ FIFA13) | Potential | Show | Hide | Comments | Show | Hide | View user profile in | Current tab | New tab | Dual nationality | Show | Hide | English (US) | English (US) | Italiano | Português (BR) | Français | Deutsch | Español | Türkçe | 日本語 | Dutch | Русский | 简体中文 | Svenska | Polski | Português | 한국어 | Dansk | Norsk | 繁體中文 | Српски | FCSB | FC 26 | Nov 5, 2025 | In game | In real life | Coach | Former players | Related squads | Comments | Random | Transfermarkt | Next match | Liga I 2026/2027 | Home | Csíkszereda Miercurea Ciuc | Away | FCSB | Venue | Stadionul Municipal | Tactics | Build-up style | Balanced | Defensive approach | 30 | Deep | Kits | Home kit | Away kit | Goalkeeper kit | Third kit",Balanced,30,Deep
2026-07-24T14:00:33+00:00,260008,84,AEK Athens,aek athens,278,AEK Athens,https://api.sofifa.com/team/278/260008/?hl=en-US,200,data/raw/sofifa/team_profiles/260008/278.html,Super League,75,"AEK Athens - FC 26 - Nov 5, 2025 | SoFIFA",AEK Athens,74,76,74,50,4,4,€12.7M,,27,26,"AEK Athens - FC 26 - Nov 5, 2025 | SoFIFA | Players | Teams | Squads | Shortlists | Discussions | Sign in | Gender | Men | Women | Currency | € EUR | $ USD | £ GBP | Color schema | Frostbite (FIFA17 ~) | Ignite (FIFA14 ~ FIFA16) | Impact (FIFA07 ~ FIFA13) | Potential | Show | Hide | Comments | Show | Hide | View user profile in | Current tab | New tab | Dual nationality | Show | Hide | English (US) | English (US) | Italiano | Português (BR) | Français | Deutsch | Español | Türkçe | 日本語 | Dutch | Русский | 简体中文 | Svenska | Polski | Português | 한국어 | Dansk | Norsk | 繁體中文 | Српски | AEK Athens | FC 26 | Nov 5, 2025 | In game | In real life | Coach | Former players | Related squads | Comments | Random | Transfermarkt | Next match | Club Friendlies 3 2026 | Home | PEC Zwolle | Away | AEK Athens | Venue | MAC³PARK Stadion | Tactics | Build-up style | Counter | Defensive approach | 50 | Balanced | Kits | Home kit | Away kit | Goalkeeper kit | Third kit",Counter,50,Balanced
2026-07-24T14:00:34+00:00,260008,85,Brighton & Hove Albion,brighton and hove albion,1808,Brighton & Hove Albion,https://api.sofifa.com/team/1808/260008/?hl=en-US,200,data/raw/sofifa/team_profiles/260008/1808.html,Premier League,78,"Brighton & Hove Albion - FC 26 - Nov 5, 2025 | SoFIFA",Brighton & Hove Albion,78,78,78,65,5,5,€76.9M,,25,26,"Brighton & Hove Albion - FC 26 - Nov 5, 2025 | SoFIFA | Players | Teams | Squads | Shortlists | Discussions | Sign in | Gender | Men | Women | Currency | € EUR | $ USD | £ GBP | Color schema | Frostbite (FIFA17 ~) | Ignite (FIFA14 ~ FIFA16) | Impact (FIFA07 ~ FIFA13) | Potential | Show | Hide | Comments | Show | Hide | View user profile in | Current tab | New tab | Dual nationality | Show | Hide | English (US) | English (US) | Italiano | Português (BR) | Français | Deutsch | Español | Türkçe | 日本語 | Dutch | Русский | 简体中文 | Svenska | Polski | Português | 한국어 | Dansk | Norsk | 繁體中文 | Српски | Brighton & Hove Albion | FC 26 | Nov 5, 2025 | In game | In real life | Coach | Former players | Related squads | Comments | Random | Transfermarkt | Next match | Club Friendlies 3 2026 | Home | FC Annecy | Away | Brighton & Hove Albion | Venue | Parc des Sports | Tactics | Build-up style | Short passing | Defensive approach | 65 | High | Kits | Home kit | Away kit | Goalkeeper kit | Third kit",Short passing,65,High
2026-07-24T14:00:36+00:00,260008,85,Crystal Palace,crystal palace,1799,Crystal Palace,https://api.sofifa.com/team/1799/260008/?hl=en-US,200,data/raw/sofifa/team_profiles/260008/1799.html,Premier League,78,"Crystal Palace - FC 26 - Nov 5, 2025 | SoFIFA",Crystal Palace,79,78,77,30,6,6,€65.1M,,25,26,"Crystal Palace - FC 26 - Nov 5, 2025 | SoFIFA | Players | Teams | Squads | Shortlists | Discussions | Sign in | Gender | Men | Women | Currency | € EUR | $ USD | £ GBP | Color schema | Frostbite (FIFA17 ~) | Ignite (FIFA14 ~ FIFA16) | Impact (FIFA07 ~ FIFA13) | Potential | Show | Hide | Comments | Show | Hide | View user profile in | Current tab | New tab | Dual nationality | Show | Hide | English (US) | English (US) | Italiano | Português (BR) | Français | Deutsch | Español | Türkçe | 日本語 | Dutch | Русский | 简体中文 | Svenska | Polski | Português | 한국어 | Dansk | Norsk | 繁體中文 | Српски | Crystal Palace | FC 26 | Nov 5, 2025 | In game | In real life | Coach | Former players | Related squads | Comments | Random | Transfermarkt | Next match | Club Friendlies 3 2026 | Home | Bromley | Away | Crystal Palace | Venue | Hayes Lane | Tactics | Build-up style | Short passing | Defensive approach | 30 | Deep | Kits | Home kit | Away kit | Goalkeeper kit | Third kit",Short passing,30,Deep
2026-07-24T14:00:38+00:00,260008,85,Leicester City,leicester city,95,Leicester City,https://api.sofifa.com/team/95/260008/?hl=en-US,200,data/raw/sofifa/team_profiles/260008/95.html,Premier League,75,"Leicester City - FC 26 - Nov 5, 2025 | SoFIFA",Leicester City,73,72,73,50,4,4,€22.3M,,26,26,"Leicester City - FC 26 - Nov 5, 2025 | SoFIFA | Players | Teams | Squads | Shortlists | Discussions | Sign in | Gender | Men | Women | Currency | € EUR | $ USD | £ GBP | Color schema | Frostbite (FIFA17 ~) | Ignite (FIFA14 ~ FIFA16) | Impact (FIFA07 ~ FIFA13) | Potential | Show | Hide | Comments | Show | Hide | View user profile in | Current tab | New tab | Dual nationality | Show | Hide | English (US) | English (US) | Italiano | Português (BR) | Français | Deutsch | Español | Türkçe | 日本語 | Dutch | Русский | 简体中文 | Svenska | Polski | Português | 한국어 | Dansk | Norsk | 繁體中文 | Српски | Leicester City | FC 26 | Nov 5, 2025 | In game | In real life | Coach | Former players | Related squads | Comments | Random | Transfermarkt | Next match | Club Friendlies 3 2026 | Home | Málaga CF | Away | Leicester City | Venue | Estadio La Rosaleda | Tactics | Build-up style | Balanced | Defensive approach | 50 | Balanced | Kits | Home kit | Away kit | Goalkeeper kit | Third kit",Balanced,50,Balanced
2026-07-24T14:00:39+00:00,260008,85,Nottingham Forest,nottingham forest,14,Nottingham Forest,https://api.sofifa.com/team/14/260008/?hl=en-US,200,data/raw/sofifa/team_profiles/260008/14.html,Premier League,78,"Nottingham Forest - FC 26 - Nov 5, 2025 | SoFIFA",Nottingham Forest,79,79,79,50,6,6,€65.8M,,25,26,"Nottingham Forest - FC 26 - Nov 5, 2025 | SoFIFA | Players | Teams | Squads | Shortlists | Discussions | Sign in | Gender | Men | Women | Currency | € EUR | $ USD | £ GBP | Color schema | Frostbite (FIFA17 ~) | Ignite (FIFA14 ~ FIFA16) | Impact (FIFA07 ~ FIFA13) | Potential | Show | Hide | Comments | Show | Hide | View user profile in | Current tab | New tab | Dual nationality | Show | Hide | English (US) | English (US) | Italiano | Português (BR) | Français | Deutsch | Español | Türkçe | 日本語 | Dutch | Русский | 简体中文 | Svenska | Polski | Português | 한국어 | Dansk | Norsk | 繁體中文 | Српски | Nottingham Forest | FC 26 | Nov 5, 2025 | In game | In real life | Coach | Former players | Related squads | Comments | Random | Transfermarkt | Next match | Club Friendlies 3 2026 | Home | Vitória SC | Away | Nottingham Forest | Venue | Estádio Dom Afonso Henriques | Tactics | Build-up style | Balanced | Defensive approach | 50 | Balanced | Kits | Home kit | Away kit | Goalkeeper kit | Third kit",Balanced,50,Balanced
2026-07-24T14:00:41+00:00,260008,89,Union Berlin,union berlin,1831,1. FC Union Berlin,https://api.sofifa.com/team/1831/260008/?hl=en-US,200,data/raw/sofifa/team_profiles/260008/1831.html,Bundesliga,75,"1. FC Union Berlin - FC 26 - Nov 5, 2025 | SoFIFA",1. FC Union Berlin,75,72,73,30,4,4,€17.9M,,27,1,"1. FC Union Berlin - FC 26 - Nov 5, 2025 | SoFIFA | Players | Teams | Squads | Shortlists | Discussions | Sign in | Gender | Men | Women | Currency | € EUR | $ USD | £ GBP | Color schema | Frostbite (FIFA17 ~) | Ignite (FIFA14 ~ FIFA16) | Impact (FIFA07 ~ FIFA13) | Potential | Show | Hide | Comments | Show | Hide | View user profile in | Current tab | New tab | Dual nationality | Show | Hide | English (US) | English (US) | Italiano | Português (BR) | Français | Deutsch | Español | Türkçe | 日本語 | Dutch | Русский | 简体中文 | Svenska | Polski | Português | 한국어 | Dansk | Norsk | 繁體中文 | Српски | 1. FC Union Berlin | FC 26 | Nov 5, 2025 | In game | In real life | Coach | Former players | Related squads | Comments | Random | Transfermarkt | Next match | Club Friendlies 3 2026 | Home | Dynamo Dresden | Away | 1. FC Union Berlin | Venue | Rudolf Harbig Stadion (Dresden) | Tactics | Build-up style | Counter | Defensive approach | 30 | Deep | Kits | Home kit | Away kit | Goalkeeper kit | Third kit",Counter,30,Deep
2026-07-24T14:00:43+00:00,260008,91,Raków Czestochowa,rakow czestochowa,114326,Raków Częstochowa,https://api.sofifa.com/team/114326/260008/?hl=en-US,200,data/raw/sofifa/team_profiles/260008/114326.html,Ekstraklasa,68,"Raków Częstochowa - FC 26 - Nov 5, 2025 | SoFIFA",Raków Częstochowa,69,71,69,90,3,3,€6.2M,,13,26,"Raków Częstochowa - FC 26 - Nov 5, 2025 | SoFIFA | Players | Teams | Squads | Shortlists | Discussions | Sign in | Gender | Men | Women | Currency | € EUR | $ USD | £ GBP | Color schema | Frostbite (FIFA17 ~) | Ignite (FIFA14 ~ FIFA16) | Impact (FIFA07 ~ FIFA13) | Potential | Show | Hide | Comments | Show | Hide | View user profile in | Current tab | New tab | Dual nationality | Show | Hide | English (US) | English (US) | Italiano | Português (BR) | Français | Deutsch | Español | Türkçe | 日本語 | Dutch | Русский | 简体中文 | Svenska | Polski | Português | 한국어 | Dansk | Norsk | 繁體中文 | Српски | Raków Częstochowa | FC 26 | Nov 5, 2025 | In game | In real life | Coach | Former players | Related squads | Comments | Random | Transfermarkt | Next match | Ekstraklasa 2026/2027 | Home | Raków Częstochowa | Away | Wisła Płock | Venue | Stadion Raków | Tactics | Build-up style | Balanced | Defensive approach | 90 | High | Kits | Home kit | Away kit | Goalkeeper kit | Third kit",Balanced,90,High
2026-07-24T14:00:45+00:00,260008,92,Jagiellonia Bialystok,jagiellonia bialystok,110745,Jagiellonia Białystok,https://api.sofifa.com/team/110745/260008/?hl=en-US,200,data/raw/sofifa/team_profiles/260008/110745.html,Ekstraklasa,68,"Jagiellonia Białystok - FC 26 - Nov 5, 2025 | SoFIFA",Jagiellonia Białystok,69,72,69,50,3,3,€4M,,15,26,"Jagiellonia Białystok - FC 26 - Nov 5, 2025 | SoFIFA | Players | Teams | Squads | Shortlists | Discussions | Sign in | Gender | Men | Women | Currency | € EUR | $ USD | £ GBP | Color schema | Frostbite (FIFA17 ~) | Ignite (FIFA14 ~ FIFA16) | Impact (FIFA07 ~ FIFA13) | Potential | Show | Hide | Comments | Show | Hide | View user profile in | Current tab | New tab | Dual nationality | Show | Hide | English (US) | English (US) | Italiano | Português (BR) | Français | Deutsch | Español | Türkçe | 日本語 | Dutch | Русский | 简体中文 | Svenska | Polski | Português | 한국어 | Dansk | Norsk | 繁體中文 | Српски | Jagiellonia Białystok | FC 26 | Nov 5, 2025 | In game | In real life | Coach | Former players | Related squads | Comments | Random | Transfermarkt | Next match | Ekstraklasa 2026/2027 | Home | Jagiellonia Białystok | Away | Korona Kielce | Venue | Stadion Miejski | Tactics | Build-up style | Balanced | Defensive approach | 50 | Balanced | Kits | Home kit | Away kit | Goalkeeper kit | Third kit",Balanced,50,Balanced
2026-07-24T14:00:46+00:00,260008,92,Rayo Vallecano,rayo vallecano,480,Rayo Vallecano,https://api.sofifa.com/team/480/260008/?hl=en-US,200,data/raw/sofifa/team_profiles/260008/480.html,La Liga,77,"Rayo Vallecano - FC 26 - Nov 5, 2025 | SoFIFA",Rayo Vallecano,77,73,77,65,1,1,€3.3M,,29,26,"Rayo Vallecano - FC 26 - Nov 5, 2025 | SoFIFA | Players | Teams | Squads | Shortlists | Discussions | Sign in | Gender | Men | Women | Currency | € EUR | $ USD | £ GBP | Color schema | Frostbite (FIFA17 ~) | Ignite (FIFA14 ~ FIFA16) | Impact (FIFA07 ~ FIFA13) | Potential | Show | Hide | Comments | Show | Hide | View user profile in | Current tab | New tab | Dual nationality | Show | Hide | English (US) | English (US) | Italiano | Português (BR) | Français | Deutsch | Español | Türkçe | 日本語 | Dutch | Русский | 简体中文 | Svenska | Polski | Português | 한국어 | Dansk | Norsk | 繁體中文 | Српски | Rayo Vallecano | FC 26 | Nov 5, 2025 | In game | In real life | Coach | Former players | Related squads | Comments | Random | Transfermarkt | Next match | Club Friendlies 4 2026 | Home | Feyenoord | Away | Rayo Vallecano | Venue | Stadion Feijenoord | Tactics | Build-up style | Short passing | Defensive approach | 65 | High | Kits | Home kit | Away kit | Goalkeeper kit | Third kit",Short passing,65,High
2026-07-24T14:00:48+00:00,260008,95,Molde FK,molde,417,Molde FK,https://api.sofifa.com/team/417/260008/?hl=en-US,200,data/raw/sofifa/team_profiles/260008/417.html,Eliteserien,68,"Molde FK - FC 26 - Nov 5, 2025 | SoFIFA",Molde FK,68,69,68,65,3,3,€4.4M,,26,26,"Molde FK - FC 26 - Nov 5, 2025 | SoFIFA | Players | Teams | Squads | Shortlists | Discussions | Sign in | Gender | Men | Women | Currency | € EUR | $ USD | £ GBP | Color schema | Frostbite (FIFA17 ~) | Ignite (FIFA14 ~ FIFA16) | Impact (FIFA07 ~ FIFA13) | Potential | Show | Hide | Comments | Show | Hide | View user profile in | Current tab | New tab | Dual nationality | Show | Hide | English (US) | English (US) | Italiano | Português (BR) | Français | Deutsch | Español | Türkçe | 日本語 | Dutch | Русский | 简体中文 | Svenska | Polski | Português | 한국어 | Dansk | Norsk | 繁體中文 | Српски | Molde FK | FC 26 | Nov 5, 2025 | In game | In real life | Coach | Former players | Related squads | Comments | Random | Transfermarkt | Next match | Eliteserien 2026 | Home | KFUM-Kameratene Oslo | Away | Molde FK | Venue | KFUM Arena | Tactics | Build-up style | Balanced | Defensive approach | 65 | High | Kits | Home kit | Away kit | Goalkeeper kit | Third kit",Balanced,65,High
2026-07-24T14:00:50+00:00,260008,96,RC Strasbourg,strasbourg,76,RC Strasbourg Alsace,https://api.sofifa.com/team/76/260008/?hl=en-US,200,data/raw/sofifa/team_profiles/260008/76.html,Ligue 1,74,"RC Strasbourg Alsace - FC 26 - Nov 5, 2025 | SoFIFA",RC Strasbourg Alsace,75,76,74,65,3,3,€21.7M,,21,26,"RC Strasbourg Alsace - FC 26 - Nov 5, 2025 | SoFIFA | Players | Teams | Squads | Shortlists | Discussions | Sign in | Gender | Men | Women | Currency | € EUR | $ USD | £ GBP | Color schema | Frostbite (FIFA17 ~) | Ignite (FIFA14 ~ FIFA16) | Impact (FIFA07 ~ FIFA13) | Potential | Show | Hide | Comments | Show | Hide | View user profile in | Current tab | New tab | Dual nationality | Show | Hide | English (US) | English (US) | Italiano | Português (BR) | Français | Deutsch | Español | Türkçe | 日本語 | Dutch | Русский | 简体中文 | Svenska | Polski | Português | 한국어 | Dansk | Norsk | 繁體中文 | Српски | RC Strasbourg Alsace | FC 26 | Nov 5, 2025 | In game | In real life | Coach | Former players | Related squads | Comments | Random | Transfermarkt | Next match | Club Friendlies 3 2026 | Home | RC Strasbourg Alsace | Away | Blackburn Rovers | Venue | Stade de la Meinau | Tactics | Build-up style | Short passing | Defensive approach | 65 | High | Kits | Home kit | Away kit | Goalkeeper kit | Third kit",Short passing,65,High
2026-07-24T14:00:52+00:00,260008,97,FC Lugano,lugano,10032,FC Lugano,https://api.sofifa.com/team/10032/260008/?hl=en-US,200,data/raw/sofifa/team_profiles/260008/10032.html,Super League,69,"FC Lugano - FC 26 - Nov 5, 2025 | SoFIFA",FC Lugano,70,71,68,50,4,4,€6.9M,,70,26,"FC Lugano - FC 26 - Nov 5, 2025 | SoFIFA | Players | Teams | Squads | Shortlists | Discussions | Sign in | Gender | Men | Women | Currency | € EUR | $ USD | £ GBP | Color schema | Frostbite (FIFA17 ~) | Ignite (FIFA14 ~ FIFA16) | Impact (FIFA07 ~ FIFA13) | Potential | Show | Hide | Comments | Show | Hide | View user profile in | Current tab | New tab | Dual nationality | Show | Hide | English (US) | English (US) | Italiano | Português (BR) | Français | Deutsch | Español | Türkçe | 日本語 | Dutch | Русский | 简体中文 | Svenska | Polski | Português | 한국어 | Dansk | Norsk | 繁體中文 | Српски | FC Lugano | FC 26 | Nov 5, 2025 | In game | In real life | Coach | Former players | Related squads | Comments | Random | Transfermarkt | Next match | Super League 2026/2027 | Home | FC Lugano | Away | FC Vaduz | Venue | Stadio di Cornaredo | Tactics | Build-up style | Counter | Defensive approach | 50 | Balanced | Kits | Home kit | Away kit | Goalkeeper kit | Third kit",Counter,50,Balanced
2026-07-24T14:00:53+00:00,260008,99,LASK,lask,252,LASK Linz,https://api.sofifa.com/team/252/260008/?hl=en-US,200,data/raw/sofifa/team_profiles/260008/252.html,Bundesliga,69,"LASK Linz - FC 26 - Nov 5, 2025 | SoFIFA",LASK Linz,68,73,68,30,4,4,€5.6M,,37,26,"LASK Linz - FC 26 - Nov 5, 2025 | SoFIFA | Players | Teams | Squads | Shortlists | Discussions | Sign in | Gender | Men | Women | Currency | € EUR | $ USD | £ GBP | Color schema | Frostbite (FIFA17 ~) | Ignite (FIFA14 ~ FIFA16) | Impact (FIFA07 ~ FIFA13) | Potential | Show | Hide | Comments | Show | Hide | View user profile in | Current tab | New tab | Dual nationality | Show | Hide | English (US) | English (US) | Italiano | Português (BR) | Français | Deutsch | Español | Türkçe | 日本語 | Dutch | Русский | 简体中文 | Svenska | Polski | Português | 한국어 | Dansk | Norsk | 繁體中文 | Српски | LASK Linz | FC 26 | Nov 5, 2025 | In game | In real life | Coach | Former players | Related squads | Comments | Random | Transfermarkt | Next match | Austrian Cup 2026/2027 | Home | Kalsdorf | Away | LASK Linz | Venue | Sportzentrum Kalsdorf | Tactics | Build-up style | Balanced | Defensive approach | 30 | Deep | Kits | Home kit | Away kit | Goalkeeper kit | Third kit",Balanced,30,Deep
